package_id,year,tricot_pkg,rhomis,longitude,latitude,Lead_farm,lead_farm_pre_classified,sex,maritalstatus,farmingstatus,educatiolqualification,communityme,lga,setorialzone,state,varietya,varietyb,varietyc,rhomisid
1,1,package-1-2,package-91-1,7.56654,4.88855,Yes,L1,Man,Single,Producer/Processor,MSc,Ikot Akpankuk,Ukanafon,Ikot Ekpene,Akwa Ibom,TMS-14F1301P0013,IITA-TMS-IBA000070,TMEB2,1091
2,2,package-2-2,package-2-2,7.562324,4.875218,Not,L1,Man,Married,Producer/Processor,SSCE,Ikot Akpankuk,Ukanafun,Ikot Ekpene,Akwa Ibom,TMS-14F1287P0008,IITA-TMS-IBA30572,TMEB693,2002
3,2,package-3-2,package-3-2,7.5665405,4.8885458,Not,L1,Man,Single,Producer/Processor,NCE,Ikot Akpankuk,Ukanafun,Ikot Ekpene,Akwa Ibom,TMS-13F1307P0016,TMS-14F1035P0004,TMS-13F1049P0001,2003
4,2,package-4-2,package-4-2,7.570602,4.871738,Not,L2,Woman,Single,Producer/Processor,BSc,Ikot Inyang Abia,Ukanafun,Ikot Ekpene,Akwa Ibom,TMS-14F1306P0015,TMS-14F1223P0007,TMEB7,2004
5,2,package-5-2,package-5-2,7.33441,4.5212,Not,L2,Man,Married,Producer,FSLC,Ikot Enang,Ukanafun,Ikot Ekpene,Akwa Ibom,TMS-13F1153P0001,TMS-14F1291P0003,IITA-TMS-IBA980581,2005
6,2,package-6-2,package-6-2,7.33441,4.5212,Not,L2,Woman,Married,Producer/Processor,FSLC,Ikot Enang,Ukanafun,Ikot Ekpene,Akwa Ibom,TMS-13F1160P0004,TMS-13F0153P0001,TMS-14F1310P0004,2006
7,2,package-7-2,package-7-2,7.33441,4.5212,Not,L2,Man,Married,Producer/Processor,NCE,Ikot Enang,Ukanafun,Ikot Ekpene,Akwa Ibom,TMS-13F1343P0044,TMS-13F1343P0022,TMS-13F2110P0008,2007
8,2,package-8-2,package-8-2,7.33441,4.5212,Not,L2,Woman,Married,Producer/Processor,NCE,Ikot Enang,Ukanafun,Ikot Ekpene,Akwa Ibom,TMS-13F1088P0007,TMS-14F1195P0005,K195,2008
9,2,package-9-2,package-9-2,7.33441,4.5212,Not,L2,Man,Married,Producer/Processor,NCE,Ikot Enang,Ukanafun,Ikot Ekpene,Akwa Ibom,TMS-IBA961632,TMS-13F1088P0007,TMEB419,2009
10,2,package-10-2,package-10-2,7.33441,4.5212,Not,L2,Woman,Married,Producer/Processor,SSCE,Ikot Enang,Ukanafun,Ikot Ekpene,Akwa Ibom,TMS-14F1310P0015,TMEB693,TMS-13F1160P0004,2010
11,2,package-11-2,package-11-2,7.571685,4.871631,Yes,L2,Woman,Married,Producer,NCE,Ikot Akai,Ukanafun,Ikot Ekpene,Akwa Ibom,TMS-13F1343P0022,TMS-14F1310P0004,TMS-14F1223P0007,2011
12,2,package-12-2,package-93-1,7.5658495,4.8865299,Not,L1,Man,Single,Producer/Processor,HND,Ikot Akpankuk,Ukanafun,Ikot Ekpene,Akwa Ibom,TMS-13F2110P0008,TMEB2,TMS-14F1035P0004,1093
13,2,package-13-2,package-92-1,7.5658495,4.8865299,Not,L1,Man,Married,Producer/Processor,OND,Ikot Akpankuk,Ukanafun,Ikot Ekpene,Akwa Ibom,TMS-13F0153P0001,K195,TMS-13F1307P0016,1092
14,2,package-14-2,package-94-1,7.5649944,4.8630255,Not,L2,Man,Married,Producer/Processor,SSCE,Ikot Inyang Abia,Ukanafun,Ikot Ekpene,Akwa Ibom,TMS-14F1291P0003,TMS-14F1306P0015,TMS-14F1287P0008,1094
15,2,package-15-2,package-15-2,7.33329,4.51292,Not,L2,Woman,Married,Producer/Processor,FSCL,Ikot Enang,Ukanafun,Ikot Ekpene,Akwa Ibom,IITA-TMS-IBA30572,TMS-14F1310P0015,TMS-IBA961632,2015
16,2,package-16-2,package-16-2,7.547511,4.843529,Not,L2,Man,Married,Producer/Processor,FSLC,Ikot Ukpong,Ukanafun,Ikot Ekpene,Akwa Ibom,IITA-TMS-IBA980581,TMEB419,TMS-14F1301P0013,2016
17,2,package-17-2,package-17-2,7.548955,4.828739,Not,L2,Woman,Married,Producer/Processor,SSCE,Ikot Inyang Abia,Ukanafun,Ikot Ekpene,Akwa Ibom,TMS-13F1049P0001,TMS-13F1343P0044,TMS-13F1153P0001,2017
18,2,package-18-2,package-18-2,7.568215,4.871901,Not,L1,Woman,Married,Producer,Tertiary,Ikot Akpankuk,Ukanafun,Ikot Ekpene,Akwa Ibom,IITA-TMS-IBA000070,TMEB7,TMS-14F1306P0015,2018
19,2,package-19-2,package-96-1,7.571685,4.871631,Not,L2,Man,Married,Producer/Processor,OND,Ikot Akai,Ukanafun,Ikot Ekpene,Akwa Ibom,TMS-13F1307P0016,TMS-13F1153P0001,TMS-14F1195P0005,1096
20,2,package-20-2,package-20-2,7.572675,4.87271,Not,L2,Woman,Married,Producer/Processor,SSCE,Ikot Etim,Ukanafun,Ikot Ekpene,Akwa Ibom,TMEB2,TMS-14F1287P0008,TMEB419,2020
21,2,package-21-2,package-111-1,7.5665405,4.8885458,Yes,L3,Man,Married,Producer/Root Seller,HND,Ikot Akpankuk,Ukanafun,Ikot Ekpene,Akwa Ibom,TMS-14F1195P0005,TMEB7,TMS-14F1310P0015,1111
22,2,package-22-2,package-119-1,7.551315,4.846501,Not,L3,Man,Married,Producer,SSCE,Ikot Udobong,Ukanafun,Ikot Ekpene,Akwa Ibom,K195,TMS-13F1049P0001,TMS-13F1343P0044,1119
23,2,package-23-2,package-115-1,7.5665405,4.8885458,Not,L3,Man,Married,Producer,SSCE,Ikot Akpankuk,Ukanafun,Ikot Ekpene,Akwa Ibom,TMS-14F1310P0004,TMS-13F1160P0004,TMS-13F1343P0022,1115
24,2,package-24-2,package-112-1,7.5665405,4.8885458,Not,L3,Man,Married,Producer,Bed,Ikot Akpankuk,Ukanafun,Ikot Ekpene,Akwa Ibom,TMS-14F1223P0007,TMS-14F1301P0013,TMS-IBA961632,1112
25,2,package-25-2,package-114-1,7.5665405,4.8885458,Not,L3,Woman,Married,Producer,FSLC,Ikot Akpankuk,Ukanafun,Ikot Ekpene,Akwa Ibom,TMS-13F0153P0001,IITA-TMS-IBA980581,TMS-13F1088P0007,1114
26,2,package-26-2,package-116-1,7.5665405,4.8885458,Not,L3,Man,Married,Producer/Processor,SSCE,Ikot Akpankuk,Ukanafun,Ikot Ekpene,Akwa Ibom,TMS-14F1035P0004,TMEB693,IITA-TMS-IBA000070,1116
27,2,package-27-2,package-27-2,7.5665405,4.8885458,Not,L3,Man,Widower,Producer/Root Seller,BSc,Ikot Akpankuk,Ukanafun,Ikot Ekpene,Akwa Ibom,TMS-14F1195P0005,TMS-13F2110P0008,IITA-TMS-IBA30572,2027
28,2,package-28-2,package-117-1,7.5665405,4.8885458,Not,L3,Woman,Married,Producer/Root Seller,SSCE,Ikot Akpankuk,Ukanafun,Ikot Ekpene,Akwa Ibom,TMS-13F1343P0044,TMS-IBA961632,TMS-14F1291P0003,1117
29,2,package-29-2,package-29-2,7.5665405,4.8885458,Not,L3,Woman,Married,Producer/Processor,Bed,Ikot Akpankuk,Ukanafun,Ikot Ekpene,Akwa Ibom,TMS-13F2110P0008,TMS-14F1035P0004,K195,2029
30,2,package-30-2,package-30-2,7.5665405,4.8885458,Not,L3,Man,Married,Producer,FSLC,Ikot Akpankuk,Ukanafun,Ikot Ekpene,Akwa Ibom,TMS-14F1310P0004,IITA-TMS-IBA30572,IITA-TMS-IBA980581,2030
31,2,package-31-2,package-121-1,7.5658495,4.8865299,Yes,L4,Man,Single,Producer,HND,Ikot Edong Afahaobo,Ukanafun,Ikot Ekpene,Akwa Ibom,TMEB693,TMS-13F1153P0001,TMS-13F1049P0001,1121
32,2,package-32-2,package-128-1,7.5658495,4.8865299,Not,L4,Man,Married,Producer/Processor,SSCE,Ikot Edong Afahaobo,Ukanafun,Ikot Ekpene,Akwa Ibom,TMS-14F1223P0007,TMS-14F1291P0003,IITA-TMS-IBA000070,1128
33,2,package-33-2,package-33-2,7.5658495,4.8865299,Not,L4,Man,Single,Producer,SSCE,Ikot Edong Afahaobo,Ukanafun,Ikot Ekpene,Akwa Ibom,TMEB7,TMS-13F1343P0022,TMS-13F0153P0001,2033
34,2,package-34-2,package-34-2,7.572675,4.87271,Not,L4,Man,NA,Producer,SSCE,Ikot Etim,Ukanafun,Ikot Ekpene,Akwa Ibom,TMEB419,TMS-13F1160P0004,TMS-13F1088P0007,2034
35,2,package-35-2,package-35-2,7.5658495,4.8865299,Not,L4,Woman,Married,Producer/Processor,FSCL,Ikot Edong Afahaobo,Ukanafun,Ikot Ekpene,Akwa Ibom,TMS-14F1287P0008,TMS-13F1307P0016,TMS-14F1310P0015,2035
36,2,package-36-2,package-36-2,7.5658495,4.8865299,Not,L4,Man,Single,Producer/Processor,ND,Ikot Edong Afahaobo,Ukanafun,Ikot Ekpene,Akwa Ibom,TMS-14F1306P0015,TMS-14F1310P0015,TMS-14F1301P0013,2036
37,2,package-37-2,package-37-2,7.5665405,4.8885458,Not,L4,Woman,Married,Producer/Processor,MSc,Ikot Akpankuk,Ukanafun,Ikot Ekpene,Akwa Ibom,TMS-14F1301P0013,TMS-13F2110P0008,TMEB2,2037
38,2,package-38-2,package-38-2,7.5658495,4.8865299,Not,L4,Woman,Married,Producer/Processor,NCE,Ikot Edong Afahaobo,Ukanafun,Ikot Ekpene,Akwa Ibom,TMS-13F1160P0004,TMS-13F1343P0044,TMS-14F1223P0007,2038
39,2,package-39-2,package-126-1,7.5658495,4.8865299,Not,L4,Man,Single,Producer,HND,Ikot Edong Afahaobo,Ukanafun,Ikot Ekpene,Akwa Ibom,TMEB2,IITA-TMS-IBA980581,TMS-13F1343P0022,1126
40,2,package-40-2,package-125-1,7.5658495,4.8865299,Not,L4,Man,Married,Producer,SSCE,Ikot Edong Afahaobo,Ukanafun,Ikot Ekpene,Akwa Ibom,TMS-13F1088P0007,TMS-13F1307P0016,TMS-13F0153P0001,1125
41,2,package-41-2,package-41-2,7.5665405,4.8885458,Yes,L5,Woman,Married,Producer,Bed,Ikot Edong Afahaobo,Ukanafun,Ikot Ekpene,Akwa Ibom,K195,TMS-IBA961632,TMS-14F1291P0003,2041
42,2,package-42-2,package-42-2,7.551315,4.846501,Not,L2,Man,Married,Producer,BSc,Ikot Udobong,Ukanafun,Ikot Ekpene,Akwa Ibom,TMS-14F1035P0004,TMS-14F1310P0004,TMS-14F1287P0008,2042
43,2,package-43-2,package-43-2,7.551315,4.846501,Not,L2,Woman,Single,Producer,BSc,Ikot Udobong,Ukanafun,Ikot Ekpene,Akwa Ibom,IITA-TMS-IBA30572,IITA-TMS-IBA000070,TMEB693,2043
44,2,package-44-2,package-44-2,7.571685,4.871631,Not,L2,Woman,Married,Producer,SSCE,Ikot Akai,Ukanafun,Ikot Ekpene,Akwa Ibom,TMS-13F1049P0001,TMEB419,TMS-14F1306P0015,2044
45,2,package-45-2,package-45-2,7.571685,4.871631,Not,L2,Man,Married,Producer/Processor,FLSC,Ikot Akai,Ukanafun,Ikot Ekpene,Akwa Ibom,TMS-13F1153P0001,TMEB419,TMEB7,2045
46,2,package-46-2,package-46-2,7.5665405,4.8885458,Not,L3,Woman,Married,Producer,SSCE,Ikot Akpankuk,Ukanafun,Ikot Ekpene,Akwa Ibom,TMS-13F1088P0007,TMS-13F1049P0001,TMS-14F1195P0005,2046
47,2,package-47-2,package-47-2,7.571685,4.871631,Not,L2,Man,Married,Producer,OND,Ikot Akai,Ukanafun,Ikot Ekpene,Akwa Ibom,TMS-13F0153P0001,TMS-14F1301P0013,TMS-14F1310P0004,2047
48,2,package-48-2,package-48-2,7.5658495,4.8865299,Not,L1,Woman,Married,Producer,SSCE,Ikot Edong Afahaobo,Ukanafun,Ikot Ekpene,Akwa Ibom,TMEB693,TMEB2,TMS-13F1153P0001,2048
49,2,package-49-2,package-49-2,7.5665405,4.8885458,Not,L3,Man,Married,Producer,MBed,Ikot Akpankuk,Ukanafun,Ikot Ekpene,Akwa Ibom,TMS-IBA961632,TMS-14F1287P0008,IITA-TMS-IBA980581,2049
50,2,package-50-2,package-50-2,7.5665405,4.8885458,Not,L3,Man,Married,Producer/Processor,NCE,Ikot Akpankuk,Ukanafun,Ikot Ekpene,Akwa Ibom,TMS-13F1343P0022,TMS-14F1306P0015,TMS-14F1291P0003,2050
51,2,package-51-2,package-139-1,7.946356,5.1135248,Yes,L6,Man,Married,Producer/Processor,Tertiary,Ikot Ukono Itam,Ukanafun,Ikot Ekpene,Akwa Ibom,TMS-13F1160P0004,TMS-13F1307P0016,TMS-13F1343P0044,1139
52,2,package-52-2,package-144-1,7.946356,5.1135248,Not,L6,Woman,Married,Producer/Processor,SSCE,Ikot Ukono Itam,Ikono,Ikot Ekpene,Akwa Ibom,IITA-TMS-IBA000070,TMS-13F2110P0008,TMS-14F1035P0004,1144
53,2,package-53-2,package-156-1,7.946356,5.1135248,Not,L6,Woman,Married,Producer,Tertiary,Aka Idop,Ikono,Ikot Ekpene,Akwa Ibom,TMS-13F1153P0001,TMS-14F1223P0007,K195,1156
54,2,package-54-2,package-138-1,7.957161,5.124872,Not,L6,Woman,Married,Producer/Processor,NCE,Ikot Ukono Itam,Ikono,Ikot Ekpene,Akwa Ibom,TMS-14F1291P0003,TMS-14F1195P0005,TMEB7,1138
55,2,package-55-2,package-55-2,7.957161,5.124872,Not,L6,Woman,Married,Producer/Processor,FSLC,Ikot Ukono Itam,Ikono,Ikot Ekpene,Akwa Ibom,TMS-14F1310P0015,TMS-13F1088P0007,IITA-TMS-IBA30572,2055
56,2,package-56-2,package-56-2,7.946356,5.1135248,Not,L6,Woman,Married,Producer/Processor,FSLC,Aka Idop,Ini,Ikot Ekpene,Akwa Ibom,TMEB419,TMEB7,TMS-13F2110P0008,2056
57,2,package-57-2,package-57-2,7.946356,5.1135248,Not,L6,Man,Married,Producer,SSCE,Aka Idop,Ikot Ekpene,Ikot Ekpene,Akwa Ibom,IITA-TMS-IBA30572,K195,TMS-13F0153P0001,2057
58,2,package-58-2,package-58-2,7.946356,5.1135248,Not,L6,Man,Single,Producer,FSLC,Aka Idop,Essien Udin,Ikot Ekpene,Akwa Ibom,TMS-14F1035P0004,TMS-14F1310P0015,IITA-TMS-IBA000070,2058
59,2,package-59-2,package-140-1,7.946356,5.1135248,Not,L6,Woman,Married,Producer,FSCL,Aka Idop,Ikono,Ikot Ekpene,Akwa Ibom,TMS-14F1310P0004,TMS-14F1287P0008,TMS-13F1307P0016,1140
60,2,package-60-2,package-60-2,7.9463715,5.1119055,Not,L7,Woman,Married,Producer/Processor,BSc,Uyo Itam,Ikot Ekpene,Ikot Ekpene,Akwa Ibom,TMS-13F1343P0022,TMS-14F1223P0007,TMS-13F1049P0001,2060
61,2,package-61-2,package-148-1,7.9463715,5.1119055,Yes,L7,Man,Married,Producer/Processor,Tertiary,Uyo Itam,Ikono,Uyo,Akwa Ibom,IITA-TMS-IBA980581,TMS-13F1343P0044,TMS-14F1306P0015,1148
62,2,package-62-2,package-151-1,7.9463715,5.1119055,Not,L7,Woman,Married,Producer/Processor,FSLC,Uyo Itam,Itu,Uyo,Akwa Ibom,TMEB693,TMS-13F1088P0007,TMS-13F1160P0004,1151
63,2,package-63-2,package-63-2,7.9463715,5.1119055,Not,L7,Man,Single,Producer,NCE,Uyo Itam,Itu,Uyo,Akwa Ibom,TMEB7,TMS-14F1301P0013,TMS-IBA961632,2063
64,2,package-64-2,package-64-2,7.9463715,5.1119055,Not,L7,Woman,Married,Producer/Processor,BSc,Uyo Itam,Itu,Uyo,Akwa Ibom,TMS-14F1195P0005,IITA-TMS-IBA000070,TMEB2,2064
65,2,package-65-2,package-158-1,7.9463715,5.1119055,Not,L7,Man,Married,Producer/Processor,NCE,Uyo Itam,Itu,Uyo,Akwa Ibom,TMS-13F1307P0016,TMS-13F1343P0022,IITA-TMS-IBA30572,1158
66,2,package-66-2,package-142-1,7.946356,5.1135248,Not,L6,Man,Single,Producer,SSCE,Aka Idop,Itu,Uyo,Akwa Ibom,TMS-14F1310P0015,TMS-14F1035P0004,TMEB419,1142
67,2,package-67-2,package-67-2,7.957161,5.1214872,Not,L7,Woman,Single,Producer/ Root Seller,FSLC,Uyo Itam,itu,Uyo,Akwa Ibom,TMS-14F1306P0015,TMS-14F1195P0005,TMS-14F1301P0013,2067
68,2,package-68-2,package-68-2,7.957161,5.1214872,Not,L7,Woman,Single,Producer/Processor,FSLC,Uyo Itam,Itu,Uyo,Akwa Ibom,TMS-13F1343P0044,TMEB2,TMS-14F1223P0007,2068
69,2,package-69-2,package-69-2,7.957161,5.1214872,Not,L7,Woman,Single,Producer,FSLC,Uyo Itam,itu,Uyo,Akwa Ibom,TMS-14F1291P0003,TMS-IBA961632,TMS-14F1287P0008,2069
70,2,package-70-2,package-70-2,7.957161,5.1214872,Not,L7,Woman,Single,Producer,FSLC,Uyo Itam,Itu,Uyo,Akwa Ibom,TMS-13F1049P0001,K195,IITA-TMS-IBA980581,2070
71,2,package-71-2,package-135-1,7.429864,5.1739498,Yes,L8,Man,Married,Producer/Processor,MSc,Ikono,Itu,Uyo,Akwa Ibom,TMS-13F1153P0001,TMS-13F0153P0001,TMEB693,1135
72,2,package-72-2,package-134-1,7.429864,5.1739498,Not,L8,Woman,Married,Producer/Processor,BSc,Ikono,itu,Uyo,Akwa Ibom,TMS-13F2110P0008,TMS-13F1160P0004,TMS-13F1343P0022,1134
73,2,package-73-2,package-73-2,7.429864,5.1739498,Not,L8,Woman,Married,Producer/Processor,BSc,Ikono,Itu,Uyo,Akwa Ibom,TMS-14F1195P0005,TMS-14F1310P0004,TMS-14F1310P0015,2073
74,2,package-74-2,package-74-2,7.429864,5.1739498,Not,L8,Woman,Married,Producer/Processor,BSc,Ikono,Itu,Uyo,Akwa Ibom,TMEB2,TMEB7,TMS-13F1307P0016,2074
75,2,package-75-2,package-132-1,7.429864,5.1739498,Not,L8,Woman,Married,Producer/Processor,SSCE,Ikono,Itu,Uyo,Akwa Ibom,TMEB419,TMS-13F1049P0001,IITA-TMS-IBA30572,1132
76,2,package-76-2,package-76-2,7.429864,5.1739498,Not,L8,Woman,Married,Producer/Processor,BSc,Ikono,Itu,Uyo,Akwa Ibom,K195,TMS-14F1306P0015,TMS-13F2110P0008,2076
77,2,package-77-2,package-77-2,7.429864,5.1739498,Not,L8,Man,Married,Producer/Processor,DipTh,Ikono,Itu,Uyo,Akwa Ibom,TMS-14F1301P0013,TMEB693,TMS-13F1343P0044,2077
78,2,package-78-2,package-131-1,7.429864,5.1739498,Not,L8,Woman,Married,Producer,BSc,Ikono,Itu,Uyo,Akwa Ibom,TMS-14F1287P0008,IITA-TMS-IBA980581,TMS-13F1088P0007,1131
79,2,package-79-2,package-159-1,7.429864,5.1739498,Not,L8,Man,Married,Producer/Processor,BSc,Ikono,Itu,Uyo,Akwa Ibom,TMS-IBA961632,TMS-14F1035P0004,TMS-14F1310P0004,1159
80,2,package-80-2,package-80-2,7.429864,5.1739498,Not,L8,Man,Single,Producer/Processor,SSCE,Ikono,Itu,Uyo,Akwa Ibom,IITA-TMS-IBA000070,TMS-14F1291P0003,TMS-13F1153P0001,2080
81,2,package-81-2,package-22-1,7.015258,5.410199,Yes,L9,Woman,Married,Producer/Processor,HND,Ihiagwa,Owerri North,Owerri,Imo,TMS-14F1223P0007,TMEB693,TMS-13F1160P0004,1022
82,2,package-82-2,package-23-1,7.015258,5.410199,Not,L9,Woman,Married,Producer/Processor,SSCE,Ihiagwa,Owerri North,Owerri,Imo,IITA-TMS-IBA000070,TMS-13F0153P0001,TMEB419,1023
83,2,package-83-2,package-83-2,7.0130096,5.4098507,Not,L9,Woman,Married,Producer/Processor,SSCE,Ihiagwa,Owerri North,Owerri,Imo,IITA-TMS-IBA980581,TMS-14F1287P0008,K195,2083
84,2,package-84-2,package-84-2,7.015258,5.410199,Not,L9,Woman,Married,Producer/Processor,HND,Ihiagwa,Owerri North,Owerri,Imo,TMEB7,TMS-13F1343P0044,TMS-14F1310P0015,2084
85,2,package-85-2,package-85-2,7.015258,5.410199,Not,L9,Man,Single,Producer/Processor,SSCE,Ihiagwa,Owerri North,Owerri,Imo,TMS-13F2110P0008,IITA-TMS-IBA30572,TMS-13F1153P0001,2085
86,2,package-86-2,package-86-2,7.0130096,5.4098507,Not,L9,Woman,Married,Producer/Processor,SSCE,Ihiagwa,Owerri North,Owerri,Imo,TMS-13F1160P0004,TMS-13F1343P0022,TMS-14F1035P0004,2086
87,2,package-87-2,package-87-2,7.0130096,5.4098507,Not,L9,Woman,Married,Producer/Processor,SSCE,Ihiagwa,Owerri North,Owerri,Imo,TMS-13F1088P0007,TMS-14F1310P0004,TMS-13F1049P0001,2087
88,2,package-88-2,package-88-2,7.0130096,5.4098507,Not,L9,Woman,Married,Producer/Processor,SSCE,Ihiagwa,Owerri North,Owerri,Imo,TMS-13F1307P0016,TMS-13F0153P0001,TMS-IBA961632,2088
89,2,package-89-2,package-89-2,7.0130096,5.4098507,Not,L9,Woman,Married,Producer/Processor,SSCE,Ihiagwa,Owerri North,Owerri,Imo,TMS-14F1223P0007,TMEB2,TMS-14F1195P0005,2089
90,2,package-90-2,package-90-2,7.0130096,5.4098507,Not,L9,Woman,Married,Producer/Processor,SSCE,Ihiagwa,Owerri North,Owerri,Imo,TMS-14F1301P0013,TMS-13F1088P0007,TMS-14F1291P0003,2090
91,2,package-91-2,package-11-1,7.0130096,5.5765379,Yes,L10,Woman,Married,NA,HND,Umunna Ubommiri,Mbaitolu,Owerri,Imo,TMS-14F1306P0015,TMS-IBA961632,TMS-13F2110P0008,1011
92,2,package-92-2,package-19-1,7.0130096,5.5765379,Not,L10,Man,Married,NA,SSCE,Umudim Ubommiri,Mbaitolu,Owerri,Imo,TMS-13F1343P0044,TMS-14F1310P0015,TMS-13F1160P0004,1019
93,2,package-93-2,package-21-1,7.0130096,5.5765379,Not,L10,Woman,Married,NA,SSCE,Umudim Ubommiri,Mbaitolu,Owerri,Imo,TMS-13F1307P0016,TMS-14F1306P0015,TMS-14F1223P0007,1021
94,2,package-94-2,package-13-1,7.0315259,5.5730476,Not,L10,Woman,Married,NA,NCE,Umuawara Ubommiri,Mbaitolu,Owerri,Imo,TMS-14F1310P0004,TMS-14F1301P0013,IITA-TMS-IBA000070,1013
95,2,package-95-2,package-14-1,7.0315259,5.5730476,Not,L10,Woman,Single,NA,BSc,Umuawara Ubommiri Agbala,Mbaitolu,Owerri,Imo,IITA-TMS-IBA980581,TMS-13F1153P0001,TMS-14F1035P0004,1014
96,2,package-96-2,package-96-2,7.0442015,5.5487413,Not,L10,Woman,Married,NA,SSCE,Umuawara Ubommiri Agbala,Mbaitolu,Owerri,Imo,TMS-14F1291P0003,TMEB419,TMS-14F1195P0005,2096
97,2,package-97-2,package-12-1,7.0450578,5.5287546,Not,L10,Woman,Married,NA,NCE,Umuogide Uberi,Mbaitolu,Owerri,Imo,TMS-13F0153P0001,TMS-13F1049P0001,TMEB7,1012
98,2,package-98-2,package-18-1,7.0450578,5.5254752,Not,L10,Woman,Married,NA,BSc,Umueze Ubommiri,Mbaitolu,Owerri,Imo,TMS-14F1035P0004,IITA-TMS-IBA30572,TMEB2,1018
99,2,package-99-2,package-15-1,7.0450578,5.5287546,Not,L10,Woman,Married,NA,SSCE,Umunna Ubommiri,Mbaitolu,Owerri,Imo,TMS-13F1343P0022,TMS-13F2110P0008,TMEB693,1015
100,2,package-100-2,package-100-2,7.0163636,5.5254752,Not,L10,Woman,Married,NA,BSc,Umueze Ubommiri,Mbaitolu,Owerri,Imo,TMEB419,K195,TMS-14F1287P0008,2100
101,2,package-101-2,package-1-1,7.0860995,5.3653575,Yes,L11,Man,Married,Producer/Processor,NCE,Imerienwe,Ngor Okpala,Owerri,Imo,TMEB7,TMS-13F1307P0016,TMEB693,1001
102,2,package-102-2,package-102-2,7.0860995,5.3653575,Not,L11,Woman,Married,Producer/Processor,NCE,Imerienwe,Ngor Okpala,Owerri,Imo,TMS-14F1287P0008,TMS-13F1160P0004,TMS-13F1049P0001,2102
103,2,package-103-2,package-6-1,7.0860995,5.3653575,Not,L11,Woman,Married,Producer/Processor,NCE,Imerienwe,Ngor Okpala,Owerri,Imo,TMS-14F1291P0003,IITA-TMS-IBA980581,TMS-13F1343P0022,1006
104,2,package-104-2,package-104-2,7.0860995,5.3653575,Not,L11,Woman,Married,Producer/Processor,SSCE,Imerienwe,Ngor Okpala,Owerri,Imo,TMS-14F1310P0015,TMS-13F1153P0001,TMS-IBA961632,2104
105,2,package-105-2,package-2-1,7.0860995,5.3653575,Not,L11,Man,Married,Producer/Processor,SSCE,Imerienwe,Ngor Okpala,Owerri,Imo,IITA-TMS-IBA30572,TMS-14F1195P0005,TMS-13F0153P0001,1002
106,2,package-106-2,package-106-2,7.0860995,5.3653575,Not,L11,Woman,Married,Producer/Processor,SSCE,Imerienwe,Ngor Okpala,Owerri,Imo,TMEB2,K195,TMS-13F1088P0007,2106
107,2,package-107-2,package-3-1,7.0860995,5.3653575,Not,L11,Man,Married,Producer/Processor,BSc,Imerienwe,Ngor Okpala,Owerri,Imo,TMS-13F1343P0044,TMS-13F0153P0001,TMS-14F1310P0004,1003
108,2,package-108-2,package-108-2,7.0860995,5.3653575,Not,L11,Woman,Married,Producer/Processor,MSc,Imerienwe,Ngor Okpala,Owerri,Imo,TMEB419,TMS-14F1223P0007,TMS-14F1306P0015,2108
109,2,package-109-2,package-109-2,7.0860995,5.3653575,Not,L11,Woman,Married,Producer/Processor,NCE,Imerienwe,Ngor Okpala,Owerri,Imo,TMS-14F1287P0008,IITA-TMS-IBA000070,TMS-14F1301P0013,2109
110,2,package-110-2,package-110-2,7.0860995,5.3653575,Not,L11,Woman,Married,Producer/Processor,SSCE,Imerienwe,Ngor Okpala,Owerri,Imo,TMEB693,TMS-14F1306P0015,IITA-TMS-IBA980581,2110
111,2,package-111-2,package-80-1,7.355813,5.623158,Not,L12,Man,Married,NA,SSCE,Umukara,Ihite Uboma,Okigwe,Imo,TMS-14F1310P0015,TMEB2,TMS-13F1343P0044,1080
112,2,package-112-2,package-70-1,7.355813,5.623158,Yes,L12,Man,Married,NA,Mphil,Umukara,Ihite Uboma,Okigwe,Imo,TMS-13F1343P0022,TMS-14F1195P0005,TMS-14F1301P0013,1070
113,2,package-113-2,package-59-1,7.355813,5.623158,Not,L12,Woman,Married,NA,FSLC,Umukara,Ihite Uboma,Okigwe,Imo,TMS-13F1160P0004,TMS-14F1291P0003,TMS-13F1307P0016,1059
114,2,package-114-2,package-72-1,7.355813,5.623158,Not,L12,Woman,Married,NA,SSCE,Umukara,Ihite Uboma,Okigwe,Imo,K195,TMS-13F1153P0001,IITA-TMS-IBA000070,1072
115,2,package-115-2,package-71-1,7.355813,5.623158,Not,L12,Woman,Married,NA,SSCE,Umukara,Ihite Uboma,Okigwe,Imo,TMS-IBA961632,TMS-14F1035P0004,TMEB7,1071
116,2,package-116-2,package-116-2,7.355813,5.623158,Not,L12,Woman,Married,NA,Tertiary,Umukara,Ihite Uboma,Okigwe,Imo,TMS-13F1049P0001,TMS-14F1223P0007,IITA-TMS-IBA30572,2116
117,2,package-117-2,package-76-1,7.355813,5.623158,Not,L12,Man,Married,NA,FSLC,Umukara,Ihite Uboma,Okigwe,Imo,TMS-13F1088P0007,TMS-13F2110P0008,TMS-14F1310P0015,1076
118,2,package-118-2,package-69-1,7.355813,5.623158,Not,L12,Woman,Married,NA,SSCE,Umukara,Ihite Uboma,Okigwe,Imo,TMS-14F1306P0015,TMS-14F1310P0004,TMS-14F1195P0005,1069
119,2,package-119-2,package-61-1,7.355813,5.623158,Not,L12,Woman,Married,NA,SSCE,Umukara,Ihite Uboma,Okigwe,Imo,TMEB7,TMS-13F1343P0044,TMS-14F1287P0008,1061
120,2,package-120-2,package-44-1,7.355813,5.623158,Not,L12,Woman,Married,NA,SSCE,Umukara,Ihite Uboma,Okigwe,Imo,IITA-TMS-IBA000070,TMEB693,TMS-13F1307P0016,1044
121,2,package-121-2,package-32-1,7.3117057,5.6146394,Yes,L13,Woman,Single,NA,SSCE,Umualumaku,Ehime Mbano,Okigwe,Imo,TMS-13F0153P0001,TMS-14F1301P0013,TMS-14F1035P0004,1032
122,2,package-122-2,package-122-2,7.3117057,5.6146394,Not,L13,Woman,Single,NA,JS3,Umualumaku,Ehime Mbano,Okigwe,Imo,TMS-13F1049P0001,IITA-TMS-IBA980581,TMEB419,2122
123,2,package-123-2,package-50-1,7.3117057,5.6146394,Not,L13,Woman,Married,NA,NCE,Umualumaku,Ehime Mbano,Okigwe,Imo,TMS-13F1153P0001,TMS-IBA961632,K195,1050
124,2,package-124-2,package-39-1,7.3117057,5.6146394,Not,L13,Woman,Married,NA,SSCE,Umualumaku,Ehime Mbano,Okigwe,Imo,TMEB2,TMS-13F1088P0007,TMS-14F1291P0003,1039
125,2,package-125-2,package-35-1,7.3117057,5.6146394,Not,L13,Woman,Married,NA,WACE,Umualumaku,Ehime Mbano,Okigwe,Imo,TMS-13F2110P0008,IITA-TMS-IBA30572,TMS-14F1223P0007,1035
126,2,package-126-2,package-126-2,7.3117057,5.6146394,Not,L13,Woman,Married,NA,Bed,Umualumaku,Ehime Mbano,Okigwe,Imo,TMS-14F1301P0013,TMS-13F1160P0004,TMS-14F1310P0004,2126
127,2,package-127-2,package-49-1,7.3117057,5.6146394,Not,L13,Man,Married,NA,WACE,Umualumaku,Ehime Mbano,Okigwe,Imo,TMS-14F1287P0008,TMS-13F1049P0001,TMS-13F1343P0022,1049
128,2,package-128-2,package-128-2,7.3117057,5.6146394,Not,L13,Woman,Married,NA,WACE,Umualumaku,Ehime Mbano,Okigwe,Imo,TMS-14F1035P0004,TMS-13F0153P0001,TMS-13F1088P0007,2128
129,2,package-129-2,package-36-1,7.3117057,5.6146394,Not,L13,Man,Married,NA,B.Sc,Umualumaku,Ehime Mbano,Okigwe,Imo,TMS-14F1223P0007,TMS-14F1291P0003,TMEB7,1036
130,2,package-130-2,package-130-2,7.3117057,5.6146394,Not,L13,Woman,Married,NA,SSCE,Umualumaku,Ehime Mbano,Okigwe,Imo,TMS-14F1195P0005,TMS-14F1310P0004,K195,2130
131,2,package-131-2,package-37-1,7.3117057,5.6146394,Yes,L14,Woman,Married,NA,WACE,Umualumaku,Ehime Mbano,Okigwe,Imo,IITA-TMS-IBA30572,IITA-TMS-IBA980581,TMEB2,1037
132,2,package-132-2,package-43-1,7.3117057,5.6146394,Not,L14,Woman,Married,NA,OND,Umualumaku,Ehime Mbano,Okigwe,Imo,TMS-IBA961632,IITA-TMS-IBA000070,TMS-13F1153P0001,1043
133,2,package-133-2,package-55-1,7.3117057,5.6146394,Not,L14,Woman,Married,NA,B Sc,Umualumaku,Ehime Mbano,Okigwe,Imo,TMEB693,TMS-14F1310P0015,TMEB419,1055
134,2,package-134-2,package-45-1,7.3117057,5.6146394,Not,L14,Woman,Single,NA,SSCE,Umualumaku,Ehime Mbano,Okigwe,Imo,TMS-13F1343P0044,TMS-14F1291P0003,TMS-14F1306P0015,1045
135,2,package-135-2,package-135-2,7.3117057,5.6146394,Not,L14,Man,Married,NA,WACE,Umualumaku,Ehime Mbano,Okigwe,Imo,TMS-13F1049P0001,TMS-13F1307P0016,TMS-13F2110P0008,2135
136,2,package-136-2,package-48-1,7.3117057,5.6146394,Not,L14,Woman,Single,NA,SSCE,Umualumaku,Ehime Mbano,Okigwe,Imo,TMS-13F1153P0001,TMS-13F1343P0022,TMS-13F1160P0004,1048
137,2,package-137-2,package-137-2,7.3117057,5.6146394,Not,L14,Woman,Married,NA,SSCE,Umualumaku,Ehime Mbano,Okigwe,Imo,IITA-TMS-IBA980581,TMS-13F1307P0016,TMS-IBA961632,2137
138,2,package-138-2,package-138-2,7.3117057,5.6146394,Not,L14,Woman,Widow,NA,SSCE,Umualumaku,Ehime Mbano,Okigwe,Imo,TMS-13F0153P0001,TMS-13F1343P0022,TMS-13F1343P0044,2138
139,2,package-139-2,package-139-2,7.3117057,5.6146394,Not,L14,Woman,Married,NA,FSLC,Umualumaku,Ehime Mbano,Okigwe,Imo,TMS-13F1160P0004,TMS-14F1287P0008,TMEB2,2139
140,2,package-140-2,package-46-1,7.3117057,5.6146394,Not,L14,Woman,Married,NA,NCE,Umualumaku,Ehime Mbano,Okigwe,Imo,TMS-14F1223P0007,TMEB419,IITA-TMS-IBA000070,1046
141,2,package-141-2,package-141-2,7.3089461,5.6261916,Not,L15,Woman,Married,NA,SSCE,Umualumaku,Ehime Mbano,Okigwe,Imo,IITA-TMS-IBA30572,TMEB7,TMS-13F1307P0016,2141
142,2,package-142-2,package-142-2,7.3089461,5.6261916,Not,L15,Woman,Married,NA,FSLC,Umualumaku,Ehime Mbano,Okigwe,Imo,TMS-14F1306P0015,TMS-14F1035P0004,IITA-TMS-IBA30572,2142
143,2,package-143-2,package-40-1,7.3089461,5.6261916,Not,L15,NA,NA,NA,NA,Umualumaku,Ehime Mbano,Okigwe,Imo,TMS-13F2110P0008,TMS-14F1301P0013,TMEB693,1040
144,2,package-144-2,package-41-1,7.3089461,5.6261916,Not,L15,NA,NA,NA,NA,Umualumaku,Ehime Mbano,Okigwe,Imo,TMS-13F2110P0008,TMS-14F1301P0013,TMEB693,1041
145,2,package-145-2,package-34-1,7.3089461,5.6261916,Not,L15,Man,Married,NA,NCE,Umualumaku,Ehime Mbano,Okigwe,Imo,K195,TMS-14F1310P0015,TMS-14F1301P0013,1034
146,2,package-146-2,package-146-2,7.3081737,5.6234886,Yes,L15,Woman,Married,NA,SSCE,Umualumaku,Ihite Uboma,Okigwe,Imo,K195,TMEB693,TMS-14F1195P0005,2146
147,2,package-147-2,package-147-2,7.3089461,5.6261916,Not,L15,Woman,Married,NA,SSCE,Umualumaku,Ehime Mbano,Okigwe,Imo,TMS-13F1160P0004,TMS-14F1223P0007,TMS-14F1287P0008,2147
148,2,package-148-2,package-47-1,7.3089461,5.6261916,Not,L15,Woman,Married,NA,SSCE,Umualumaku,Ehime Mbano,Okigwe,Imo,IITA-TMS-IBA980581,TMS-14F1195P0005,TMS-13F0153P0001,1047
149,2,package-149-2,package-149-2,7.327255,5.629476,Not,L15,Woman,Married,NA,FSLC,Umualumaku,Ehime Mbano,Okigwe,Imo,TMS-14F1310P0004,TMEB7,TMS-14F1306P0015,2149
150,2,package-150-2,package-38-1,7.3091022,5.6207855,Not,L15,Woman,Married,NA,NCE,Umualumaku,Ehime Mbano,Okigwe,Imo,TMS-14F1310P0015,TMEB419,TMS-13F1343P0044,1038
151,2,package-151-2,package-51-1,7.307245,5.626191,Yes,L16,Man,Widower,Producer/Processor,HND,Umuezegwu,Ihite Uboma,Okigwe,Imo,IITA-TMS-IBA000070,TMS-IBA961632,TMS-13F1343P0022,1051
152,2,package-152-2,package-152-2,7.3245888,5.6211868,Not,L16,Woman,Married,Producer/Processor,Bed,Umuezegwu,Ihite Uboma,Okigwe,Imo,TMEB2,TMS-13F1153P0001,TMS-13F1049P0001,2152
153,2,package-153-2,package-67-1,7.214549,5.3756556,Not,L16,Woman,Married,Producer/Processor,WACE,Umuezegwu,Ihite Uboma,Okigwe,Imo,TMS-13F1343P0022,TMS-13F1088P0007,TMS-14F1035P0004,1067
154,2,package-154-2,package-63-1,7.3388454,5.7161925,Not,L16,Woman,Married,Producer/Processor,SSCE,Umuezegwu,Ihite Uboma,Okigwe,Imo,TMS-13F1307P0016,TMS-13F2110P0008,TMS-14F1310P0004,1063
155,2,package-155-2,package-54-1,7.192588,5.3721912,Not,L16,Woman,Married,Producer/Processor,WACE,Umuezegwu,Ihite Uboma,Okigwe,Imo,TMS-14F1195P0005,TMS-14F1306P0015,IITA-TMS-IBA000070,1054
156,2,package-156-2,package-156-2,7.3245888,5.62118687,Not,L16,Woman,Married,Producer/Processor,WACE,Umuezegwu,Ihite Uboma,Okigwe,Imo,TMS-14F1035P0004,TMS-13F1049P0001,K195,2156
157,2,package-157-2,package-157-2,7.3481699,5.6344962,Not,L16,Woman,Married,Producer/Processor,Bed,Umuezegwu,Ihite Uboma,Okigwe,Imo,TMS-14F1291P0003,TMS-13F0153P0001,TMS-14F1310P0015,2157
158,2,package-158-2,package-60-1,7.193484,5.624518,Not,L16,Woman,Married,Producer/Processor,SSCE,Umuezegwu,Ihite Uboma,Okigwe,Imo,TMS-13F1088P0007,TMS-13F1153P0001,TMS-14F1223P0007,1060
159,2,package-159-2,package-62-1,7.3089461,5.6261916,Not,L16,Woman,Married,Producer/Processor,ND,Umuezegwu,Ihite Uboma,Okigwe,Imo,TMEB7,TMS-13F2110P0008,IITA-TMS-IBA980581,1062
160,2,package-160-2,package-52-1,7.3089461,5.6261916,Not,L16,Woman,Married,Producer/Processor,WACE,Umuezegwu,Ihite Uboma,Okigwe,Imo,TMS-IBA961632,TMS-13F1343P0044,TMEB693,1052
161,2,package-161-2,package-161-1,4.34031,7.52019,Not,L17,Man,Married,Producer,SSCE,Idi-Amu,Olohunda,Osun central,Osun,TMS-14F1301P0013,IITA-TMS-IBA30572,TMS-14F1223P0007,1161
162,2,package-162-2,package-169-1,4.33655,7.52136,Not,L17,Woman,Married,Producer/Processor,SSCE,Idi-Amu,Olohunda,Osun central,Osun,TMEB419,TMS-14F1287P0008,TMS-13F1088P0007,1169
163,2,package-163-2,package-162-1,4.33595,7.52136,Not,L17,Man,Married,Producer/Processor,SSCE,Idi-Amu,Olohunda,Osun central,Osun,TMEB2,K195,TMS-13F1160P0004,1162
164,2,package-164-2,package-164-2,4.33592,7.52136,Not,L17,Man,Married,Producer/Processor,SSCE,Idi-Amu,Olohunda,Osun central,Osun,TMS-13F0153P0001,TMS-14F1287P0008,TMS-13F1153P0001,2164
165,2,package-165-2,package-165-2,4.33595,7.52136,Not,L17,Woman,Married,Producer/Processor,No formal education,Idi-Amu,Olohunda,Osun central,Osun,TMS-14F1306P0015,TMEB419,TMS-13F2110P0008,2165
166,2,package-166-2,package-163-1,4.33595,7.52136,Not,L17,Man,Married,Producer/Processor,SSCE,Idi-Amu,Olohunda,Osun central,Osun,TMEB7,TMS-13F1160P0004,IITA-TMS-IBA980581,1163
167,2,package-167-2,package-165-1,4.33595,7.52136,Not,L17,Man,Married,Producer/Processor,PSLC,Idi-Amu,Olohunda,Osun central,Osun,TMS-13F1343P0022,TMEB2,TMS-14F1310P0015,1165
168,2,package-168-2,package-168-1,4.33595,7.52136,Yes,L17,Man,Married,Producer/Processor,SSCE,Idi-Amu,Olohunda,Osun central,Osun,TMS-13F1049P0001,IITA-TMS-IBA000070,TMS-IBA961632,1168
169,2,package-169-2,package-164-1,4.33595,7.52136,Not,L17,Man,Married,Producer,PSLC,Idi-Amu,Olohunda,Osun central,Osun,TMEB693,TMS-14F1291P0003,IITA-TMS-IBA30572,1164
170,2,package-170-2,package-167-1,4.33595,7.52136,Not,L17,Man,Married,Producer,SSCE,Idi-Amu,Olohunda,Osun central,Osun,TMS-13F1307P0016,TMS-13F1343P0044,TMS-14F1035P0004,1167
171,2,package-171-2,package-171-2,4.33595,7.52136,Not,L17,Man,Married,Producer,SSCE,Idi-Amu,Olohunda,Osun central,Osun,TMS-14F1195P0005,TMS-14F1310P0004,TMEB419,2171
172,2,package-172-2,package-240-1,4.208333,7.706097,Yes,L18,Man,Married,Producer,SSCE,Afiku,Olaoluwa,Osun west,Osun,TMS-13F1343P0044,TMS-14F1035P0004,TMS-14F1301P0013,1240
173,2,package-173-2,package-236-1,4.208333,7.706097,Not,L18,Man,Married,Producer,SSCE,Afiku,Olaoluwa,Osun west,Osun,TMS-13F1088P0007,TMS-14F1195P0005,TMEB2,1236
174,2,package-174-2,package-232-1,4.208333,7.706097,Not,L18,Man,Married,Producer,No formal education,Afiku,Olaoluwa,Osun west,Osun,IITA-TMS-IBA30572,TMS-13F1160P0004,TMS-14F1306P0015,1232
175,2,package-175-2,package-234-1,4.208333,7.706097,Not,L18,Man,Married,Producer,SSCE,Afiku,Olaoluwa,Osun west,Osun,TMS-14F1223P0007,TMS-14F1310P0015,IITA-TMS-IBA000070,1234
176,2,package-176-2,package-233-1,4.208333,7.706097,Not,L18,Man,Married,Producer,SSCE,Afiku,Olaoluwa,Osun west,Osun,K195,IITA-TMS-IBA980581,TMS-13F1343P0022,1233
177,2,package-177-2,package-231-1,4.208333,7.706097,Not,L18,Man,Married,Producer,PSLC,Afiku,Olaoluwa,Osun west,Osun,TMS-14F1301P0013,TMS-13F1049P0001,TMS-14F1291P0003,1231
178,2,package-178-2,package-237-1,4.208333,7.706097,Not,L18,Man,Married,Producer,PSLC,Afiku,Olaoluwa,Osun west,Osun,TMS-13F1153P0001,TMS-13F2110P0008,TMS-14F1310P0004,1237
179,2,package-179-2,package-238-1,4.208333,7.706097,Not,L18,Woman,Married,Producer/Processor,PSLC,Afiku,Olaoluwa,Osun west,Osun,TMS-14F1287P0008,TMEB2,TMEB7,1238
180,2,package-180-2,package-180-2,4.20001,7.5208,Not,L20,Man,Married,Producer,SSCE,Station-Iwo,Aiyedire,Osun west,Osun,TMEB419,TMEB693,TMS-13F1307P0016,2180
181,2,package-181-2,package-208-1,4.19901,7.3436,Not,L20,Woman,Married,Producer/Processor,SSCE,Station-Iwo,Aiyedire,Osun west,Osun,TMS-IBA961632,TMEB419,TMS-13F0153P0001,1208
182,2,package-182-2,package-239-1,4.208333,7.706097,Not,L18,Woman,Married,Producer,PSLC,Afiku,Olaoluwa,Osun west,Osun,TMS-14F1035P0004,TMS-13F1160P0004,TMS-14F1195P0005,1239
183,2,package-183-2,package-235-1,4.208333,7.706097,Not,L18,Man,Married,Producer/Processor,SSCE,Afiku,Olaoluwa,Osun west,Osun,TMS-14F1310P0015,TMS-13F1343P0022,TMS-13F1049P0001,1235
184,2,package-184-2,package-205-1,4.20001,7.5208,Not,L20,Woman,Married,Producer/Processor,PSLC,Station-Iwo,Aiyedire,Osun west,Osun,TMEB693,TMS-14F1223P0007,TMS-13F1088P0007,1205
185,2,package-185-2,package-207-1,4.19901,7.3436,Not,L18,Woman,Married,Producer/Processor,OND,Station-Iwo,Aiyedire,Osun west,Osun,IITA-TMS-IBA980581,TMS-14F1301P0013,IITA-TMS-IBA30572,1207
186,2,package-186-2,package-209-1,4.12461,7.33458,Not,L18,Woman,Married,Producer/Processor,No formal education,Station-Iwo,Aiyedire,Osun west,Osun,IITA-TMS-IBA000070,K195,TMS-13F2110P0008,1209
187,2,package-187-2,package-202-1,4.21011,7.3588,Not,L18,Man,Married,Producer/Processor,SSCE,Station-Iwo,Aiyedire,Osun west,Osun,TMS-14F1291P0003,TMEB7,TMS-IBA961632,1202
188,2,package-188-2,package-206-1,4.21011,7.3588,Not,L18,Woman,Married,Producer/Processor,PSLC,Station-Iwo,Aiyedire,Osun west,Osun,TMS-13F1343P0044,TMS-13F1307P0016,TMS-13F1153P0001,1206
189,2,package-189-2,package-203-1,4.20051,7.5591,Not,L20,Woman,Married,Producer/Processor,No formal education,Station-Iwo,Aiyedire,Osun west,Osun,TMS-13F0153P0001,TMS-13F1343P0022,TMS-14F1287P0008,1203
190,2,package-190-2,package-204-1,4.19711,7.5505,Not,L20,Woman,Married,Producer/Processor,PSLC,Station-Iwo,Aiyedire,Osun west,Osun,TMS-14F1310P0004,TMS-14F1306P0015,TMS-14F1035P0004,1204
191,2,package-191-2,package-210-1,4.20205,7.5554,Not,L20,Man,Married,Producer,SSCE,Station-Iwo,Aiyedire,Osun west,Osun,TMS-13F1153P0001,TMS-14F1301P0013,TMS-13F1160P0004,1210
192,2,package-192-2,package-200-1,4.53591,7.3207,Not,L23,Man,Married,Producer,SSCE,Oke-Osun,Osogbo,Osun central,Osun,TMS-14F1223P0007,TMS-14F1310P0004,TMS-14F1310P0015,1200
193,2,package-193-2,package-193-1,4.53591,7.3207,Not,L23,Man,Married,Producer,SSCE,Oke-Osun,Osogbo,Osun central,Osun,TMS-13F2110P0008,IITA-TMS-IBA000070,TMS-13F1307P0016,1193
194,2,package-194-2,package-196-1,4.53591,7.7355,Not,L19,Man,Married,Producer,PSLC,Oke-Osun,Osogbo,Osun central,Osun,IITA-TMS-IBA30572,TMS-IBA961632,TMS-14F1287P0008,1196
195,2,package-195-2,package-199-1,4.54551,7.7776,Not,L19,Man,Married,Producer,BSc,Oke-Osun,Osogbo,Osun central,Osun,TMS-14F1306P0015,K195,TMEB693,1199
196,2,package-196-2,package-198-1,4.53891,7.7489,Not,L19,Man,Married,Producer,SSCE,Oke-Osun,Osogbo,Osun central,Osun,IITA-TMS-IBA980581,TMS-13F1343P0044,TMS-13F0153P0001,1198
197,2,package-197-2,package-192-1,4.53891,7.7489,Not,L19,Man,Married,Producer,SSCE,Oke-Osun,Osogbo,Osun central,Osun,TMS-13F1088P0007,TMS-13F1049P0001,TMEB7,1192
198,2,package-198-2,package-197-1,4.53231,7.7483,Not,L19,Man,Married,Producer,SSCE,Oke-Osun,Osogbo,Osun central,Osun,TMS-14F1291P0003,TMS-13F0153P0001,TMEB2,1197
199,2,package-199-2,package-195-1,4.53231,7.7483,Yes,L19,Woman,Married,Producer,No formal education,Oke-Osun,Osogbo,Osun central,Osun,TMS-13F1307P0016,TMS-14F1195P0005,TMEB419,1195
200,2,package-200-2,package-194-1,4.531,7.7344,Not,L19,Woman,Married,Producer,No formal education,Oke-Osun,Osogbo,Osun central,Osun,TMS-14F1195P0005,TMS-14F1301P0013,TMS-13F1049P0001,1194
201,2,package-201-2,package-224-1,4.168,7.5445,Not,L20,Man,Married,Producer,PSLC,Jagun,Iwo,Osun west,Osun,TMS-13F2110P0008,K195,TMS-13F1343P0044,1224
202,2,package-202-2,package-222-1,4.168,7.5445,Not,L20,Man,Married,Producer,JSSCE,Jagun,Iwo,Osun west,Osun,TMS-13F1160P0004,TMEB2,TMS-13F1153P0001,1222
203,2,package-203-2,package-226-1,4.1678,7.5446,Yes,L20,Man,Married,Producer,PSLC,Jagun,Iwo,Osun west,Osun,TMEB7,IITA-TMS-IBA30572,TMS-14F1306P0015,1226
204,2,package-204-2,package-221-1,4.1631,7.5443,Not,L20,Man,Married,Producer,Degree holder,Jagun,Iwo,Osun west,Osun,TMS-14F1035P0004,TMS-14F1287P0008,TMS-13F1088P0007,1221
205,2,package-205-2,package-230-1,4.1678,7.5506,Not,L20,Man,Married,Producer,PSLC,Jagun,Iwo,Osun west,Osun,TMEB693,TMS-14F1223P0007,IITA-TMS-IBA980581,1230
206,2,package-206-2,package-225-1,4.1659,7.5481,Not,L20,Man,Married,Producer,No formal education,Jagun,Iwo,Osun west,Osun,TMS-14F1310P0015,IITA-TMS-IBA000070,TMS-14F1291P0003,1225
207,2,package-207-2,package-223-1,4.1646,7.5481,Not,L20,Man,Married,Producer,PSLC,Jagun,Iwo,Osun west,Osun,TMS-IBA961632,IITA-TMS-IBA980581,TMS-14F1310P0004,1223
208,2,package-208-2,package-229-1,4.1659,7.5506,Not,L20,Man,Married,Producer,PSLC,Jagun,Iwo,Osun west,Osun,TMS-13F1343P0022,TMS-14F1310P0015,K195,1229
209,2,package-209-2,package-209-2,4.1671,7.5495,Not,L20,Man,Married,Producer,PSLC,Jagun,Iwo,Osun west,Osun,TMS-14F1291P0003,TMEB7,TMS-13F1343P0044,2209
210,2,package-210-2,package-227-1,4.1658,7.5495,Not,L20,Woman,Married,Producer,PSLC,Jagun,Iwo,Osun west,Osun,TMEB419,TMS-13F1153P0001,TMS-13F0153P0001,1227
211,2,package-211-2,package-211-2,4.4531,7.8816,Yes,L21,Man,Married,Producer,Degree holder,Ifon-Orolu,Orolu,Osun central,Osun,TMS-14F1310P0004,IITA-TMS-IBA000070,TMEB2,2211
212,2,package-212-2,package-212-2,4.4531,7.8816,Not,L21,Man,Married,Producer,PSLC,Ifon-Orolu,Orolu,Osun central,Osun,IITA-TMS-IBA30572,TMS-IBA961632,TMS-13F1343P0022,2212
213,2,package-213-2,package-171-1,4.4531,7.8816,Not,L21,Man,Married,Producer,PSLC,Ifon-Orolu,Orolu,Osun central,Osun,TMS-14F1287P0008,TMS-14F1035P0004,TMEB693,1171
214,2,package-214-2,package-214-2,4.4533,7.8818,Not,L21,Man,Married,Producer,SSCE,Ifon-Orolu,Orolu,Osun central,Osun,TMS-13F1307P0016,TMS-13F1088P0007,TMS-14F1223P0007,2214
215,2,package-215-2,package-175-1,4.4533,7.8818,Not,L21,Man,Married,Producer,PSLC,Ifon-Orolu,Orolu,Osun central,Osun,TMS-13F1160P0004,TMS-13F1307P0016,TMS-14F1195P0005,1175
216,2,package-216-2,package-177-1,4.4533,7.8818,Not,L21,Man,Married,Producer,SSCE,Ifon-Orolu,Orolu,Osun central,Osun,TMS-13F1049P0001,TMEB2,TMS-13F2110P0008,1177
217,2,package-217-2,package-217-2,4.4533,7.8818,Not,L21,Man,Married,Producer,SSCE,Ifon-Orolu,Orolu,Osun central,Osun,TMS-14F1301P0013,TMS-14F1306P0015,TMS-14F1287P0008,2217
218,2,package-218-2,package-218-2,4.4533,7.8818,Not,L21,Man,Married,Producer,Degree holder,Ifon-Orolu,Orolu,Osun central,Osun,IITA-TMS-IBA000070,IITA-TMS-IBA980581,TMS-13F1160P0004,2218
219,2,package-219-2,package-180-1,4.4533,7.8818,Not,L21,Man,Married,Producer,Degree holder,Ifon-Orolu,Orolu,Osun central,Osun,TMS-13F1088P0007,TMEB419,TMS-14F1301P0013,1180
220,2,package-220-2,package-174-1,4.4533,7.8818,Not,L21,Man,Married,Producer,SSCE,Ifon-Orolu,Orolu,Osun central,Osun,TMS-13F1343P0022,TMS-14F1291P0003,TMS-14F1195P0005,1174
221,2,package-221-2,package-181-1,4.6832,7.9987,Not,L22,Man,Married,Producer,SSCE,Okuku,Odo otin,Osun central,Osun,TMS-14F1035P0004,IITA-TMS-IBA30572,TMS-13F1049P0001,1181
222,2,package-222-2,package-182-1,4.6825,7.9989,Yes,L22,Man,Married,Producer,SSCE,Okuku,Odo otin,Osun central,Osun,TMS-13F2110P0008,TMEB7,TMS-IBA961632,1182
223,2,package-223-2,package-223-2,4.683,7.9988,Not,L22,Man,Married,Producer,SSCE,Okuku,Odo otin,Osun central,Osun,TMS-13F0153P0001,TMS-14F1223P0007,TMS-14F1310P0015,2223
224,2,package-224-2,package-183-1,4.683,7.9988,Not,L22,Woman,Married,Producer/Processor,SSCE,Okuku,Odo otin,Osun central,Osun,TMS-13F1153P0001,TMS-13F0153P0001,TMS-14F1306P0015,1183
225,2,package-225-2,package-188-1,4.683,7.9988,Not,L22,Woman,Married,Producer/Processor,SSCE,Okuku,Odo otin,Osun central,Osun,K195,TMEB693,IITA-TMS-IBA980581,1188
226,2,package-226-2,package-226-2,4.683,7.9988,Not,L22,Man,Married,Producer,SSCE,Okuku,Odo otin,Osun central,Osun,TMS-13F1343P0044,TMS-14F1310P0004,TMEB419,2226
227,2,package-227-2,package-227-2,4.6829,7.9988,Not,L22,Woman,Married,Producer,No formal education,Okuku,Odo otin,Osun central,Osun,TMS-14F1306P0015,TMS-14F1310P0015,TMS-13F1153P0001,2227
228,2,package-228-2,package-185-1,4.682,7.99798,Not,L22,Man,Married,Producer,Degree holder,Okuku,Odo otin,Osun central,Osun,K195,TMS-13F1307P0016,TMS-14F1291P0003,1185
229,2,package-229-2,package-229-2,4.682,7.99798,Not,L22,Man,Married,Producer/Processor,SSCE,Okuku,Odo otin,Osun central,Osun,TMS-13F1049P0001,IITA-TMS-IBA30572,IITA-TMS-IBA000070,2229
230,2,package-230-2,package-230-2,4.682,7.99798,Not,L22,Man,Married,Producer,SSCE,Okuku,Odo otin,Osun central,Osun,TMEB2,TMEB693,TMS-13F1088P0007,2230
231,2,package-231-2,package-211-1,4.165,7.1223,Not,L22,Woman,Married,Producer,No formal education,Agoowu,Aiyedade,Osun west,Osun,TMS-14F1223P0007,TMS-IBA961632,TMS-14F1035P0004,1211
232,2,package-232-2,package-214-1,4.1651,7.1223,Not,L22,Man,Married,Producer,PSLC,Agoowu,Aiyedade,Osun west,Osun,TMS-14F1195P0005,TMS-14F1287P0008,TMS-13F1343P0044,1214
233,2,package-233-2,package-216-1,4.1609,7.1223,Yes,L23,Man,Married,Producer,No formal education,Agoowu,Aiyedade,Osun west,Osun,TMS-14F1310P0004,TMEB2,TMEB7,1216
234,2,package-234-2,package-213-1,4.1651,7.1243,Not,L23,Man,Married,Producer,SSCE,Agoowu,Aiyedade,Osun west,Osun,TMS-13F1160P0004,TMS-14F1291P0003,TMS-13F2110P0008,1213
235,2,package-235-2,package-217-1,4.153,7.1252,Not,L23,Woman,Married,Producer,JSSCE,Agoowu,Aiyedade,Osun west,Osun,TMS-14F1301P0013,TMS-14F1035P0004,TMS-13F1343P0022,1217
236,2,package-236-2,package-220-1,4.1601,7.1231,Not,L23,Man,Married,Producer,SSCE,Agoowu,Aiyedade,Osun west,Osun,TMEB419,TMS-13F0153P0001,K195,1220
237,2,package-237-2,package-212-1,4.1609,7.1235,Not,L23,Man,Married,Producer,Degree holder,Agoowu,Aiyedade,Osun west,Osun,TMS-13F1307P0016,TMS-13F1049P0001,TMS-14F1301P0013,1212
238,2,package-238-2,package-218-1,4.1651,7.1234,Not,L23,Man,Married,Producer,Degree holder,Agoowu,Aiyedade,Osun west,Osun,IITA-TMS-IBA000070,TMS-13F1343P0044,TMS-13F1343P0022,1218
239,2,package-239-2,package-215-1,4.1593,7.1257,Not,L23,Man,Married,Producer,SSCE,Agoowu,Aiyedade,Osun west,Osun,TMS-13F1153P0001,TMS-14F1195P0005,TMS-14F1223P0007,1215
240,2,package-240-2,package-240-2,4.1628,7.1301,Not,L23,Woman,Married,Producer,PSLC,Agoowu,Aiyedade,Osun west,Osun,TMS-IBA961632,TMS-13F2110P0008,TMEB693,2240
241,2,package-241-2,package-241-2,6.9543,8.3684,Not,L24,Woman,Married,Producer/Processor,No formal education,Adumu-Obi,Obi,Benue south,Benue,TMS-14F1310P0015,TMS-13F1160P0004,TMEB7,2241
242,2,package-242-2,package-254-1,6.9553,8.3672,Not,L24,Woman,Married,Producer/Processor,PSLC,Adumu-Obi,Obi,Benue south,Benue,TMS-14F1287P0008,TMS-13F1049P0001,TMS-14F1310P0004,1254
243,2,package-243-2,package-253-1,6.9428,8.369,Not,L24,Man,Married,Producer,Degree holder,Adumu-Obi,Obi,Benue south,Benue,TMS-13F1343P0044,TMS-13F1088P0007,IITA-TMS-IBA30572,1253
244,2,package-244-2,package-257-1,6.9435,8.3667,Not,L24,Man,Married,Producer,Degree holder,Adumu-Obi,Obi,Benue south,Benue,IITA-TMS-IBA980581,TMS-14F1310P0015,TMS-13F1307P0016,1257
245,2,package-245-2,package-255-1,6.9458,8.3737,Yes,L24,Man,Married,Producer/Processor,SSCE,Adumu-Obi,Obi,Benue south,Benue,TMS-13F1343P0022,TMS-13F1153P0001,TMS-14F1306P0015,1255
246,2,package-246-2,package-246-2,6.9519,8.3761,Not,L24,Man,Married,Producer,PSLC,Adumu-Obi,Obi,Benue south,Benue,TMS-14F1035P0004,IITA-TMS-IBA980581,TMEB419,2246
247,2,package-247-2,package-251-1,6.9738,8.3538,Not,L24,Man,Married,Producer,PSLC,Adumu-Obi,Obi,Benue south,Benue,TMEB7,TMS-14F1035P0004,IITA-TMS-IBA30572,1251
248,2,package-248-2,package-256-1,6.9554,8.3672,Not,L24,Man,Married,Producer,NCE,Adumu-Obi,Obi,Benue south,Benue,TMS-14F1223P0007,TMS-14F1287P0008,TMS-13F0153P0001,1256
249,2,package-249-2,package-249-2,6.9738,8.3538,Not,L24,Man,Married,Producer,PSLC,Adumu-Obi,Obi,Benue south,Benue,TMS-13F1088P0007,TMS-14F1306P0015,IITA-TMS-IBA000070,2249
250,2,package-250-2,package-252-1,6.975,8.3513,Not,L24,Woman,Married,Producer,No formal education,Adumu-Obi,Obi,Benue south,Benue,K195,TMS-IBA961632,TMS-13F1160P0004,1252
251,2,package-251-2,package-249-1,7.1841,8.0045,Yes,L25,Man,Married,Producer/Processor,PSLC,Atlo,Ohimini,Benue south,Benue,TMEB693,TMS-14F1291P0003,TMS-14F1310P0004,1249
252,2,package-252-2,package-242-1,7.1839,8.0045,Not,L25,Man,Married,Producer,PSLC,Atlo,Ohimini,Benue south,Benue,TMEB2,TMS-14F1223P0007,TMS-14F1301P0013,1242
253,2,package-253-2,package-241-1,7.1841,8.004,Not,L25,Man,Married,Producer,SSCE,Atlo,Ohimini,Benue south,Benue,TMS-13F2110P0008,TMS-14F1195P0005,TMS-IBA961632,1241
254,2,package-254-2,package-246-1,7.184,8.0046,Not,L25,Man,Married,Producer,PSLC,Atlo,Ohimini,Benue south,Benue,TMS-14F1301P0013,IITA-TMS-IBA30572,TMS-13F1307P0016,1246
255,2,package-255-2,package-245-1,7.1839,8.0047,Not,L25,Woman,Married,Producer/Processor,No formal education,Atlo,Ohimini,Benue south,Benue,TMS-14F1306P0015,TMS-14F1035P0004,TMEB2,1245
256,2,package-256-2,package-256-2,7.1838,8.0046,Not,L25,Woman,Married,Producer/Processor,No formal education,Atlo,Ohimini,Benue south,Benue,TMEB7,TMS-13F1343P0022,TMS-13F1153P0001,2256
257,2,package-257-2,package-248-1,7.1838,8.0046,Not,L25,Woman,Married,Producer/Processor,No formal education,Atlo,Ohimini,Benue south,Benue,TMEB419,TMS-13F1160P0004,K195,1248
258,2,package-258-2,package-247-1,7.184,8.0004,Not,L25,Man,Married,Producer/Processor,Degree holder,Atlo,Ohimini,Benue south,Benue,TMS-13F1343P0044,TMS-13F1088P0007,TMS-13F2110P0008,1247
259,2,package-259-2,package-259-2,7.1839,8.0047,Not,L25,Man,Married,Producer,No formal education,Atlo,Ohimini,Benue south,Benue,TMS-14F1195P0005,TMEB693,IITA-TMS-IBA980581,2259
260,2,package-260-2,package-260-2,7.1838,8.0047,Not,L25,Woman,Married,Producer,SSCE,Atlo,Ohimini,Benue south,Benue,TMS-13F0153P0001,IITA-TMS-IBA000070,TMS-14F1287P0008,2260
261,2,package-261-2,package-277-1,7.0191,7.9435,Not,L26,Man,Married,Producer,PSLC,Ojakpo,Okpokwu,Benue south,Benue,TMS-13F1049P0001,TMEB693,TMS-14F1291P0003,1277
262,2,package-262-2,package-262-2,7.0119,7.9436,Not,L26,Man,Married,Producer,SSCE,Ojakpo,Okpokwu,Benue south,Benue,TMS-14F1287P0008,TMS-14F1291P0003,TMS-14F1310P0015,2262
263,2,package-263-2,package-276-1,7.0119,7.9436,Yes,L26,Man,Married,Producer,OND,Ojakpo,Okpokwu,Benue south,Benue,TMS-14F1310P0004,K195,TMS-IBA961632,1276
264,2,package-264-2,package-264-2,7.0119,7.9436,Not,L26,Woman,Married,Producer/Processor,PSLC,Ojakpo,Okpokwu,Benue south,Benue,TMS-13F0153P0001,TMS-13F2110P0008,TMS-14F1223P0007,2264
265,2,package-265-2,package-273-1,7.019,7.9434,Not,L26,Man,Married,Producer,SSCE,Ojakpo,Okpokwu,Benue south,Benue,IITA-TMS-IBA000070,TMS-13F1343P0044,TMS-14F1195P0005,1273
266,2,package-266-2,package-266-2,7.0119,7.9436,Not,L26,Man,Married,Producer,SSCE,Ojakpo,Okpokwu,Benue south,Benue,TMS-13F1307P0016,TMS-13F1343P0022,TMS-13F1088P0007,2266
267,2,package-267-2,package-271-1,7.0119,7.9436,Not,L26,Man,Married,Producer,OND,Ojakpo,Okpokwu,Benue south,Benue,IITA-TMS-IBA980581,TMEB7,TMS-13F1049P0001,1271
268,2,package-268-2,package-268-2,7.0196,7.9437,Not,L26,Man,Married,Producer,SSCE,Ojakpo,Okpokwu,Benue south,Benue,TMS-13F1160P0004,TMS-13F1153P0001,TMS-14F1035P0004,2268
269,2,package-269-2,package-272-1,7.0116,7.9435,Not,L26,Man,Married,Producer,SSCE,Ojakpo,Okpokwu,Benue south,Benue,TMS-14F1310P0015,IITA-TMS-IBA30572,TMS-13F0153P0001,1272
270,2,package-270-2,package-270-2,7.0088,7.9442,Not,L26,Woman,Married,Producer/Processor,PSLC,Ojakpo,Okpokwu,Benue south,Benue,TMS-14F1301P0013,TMEB419,IITA-TMS-IBA000070,2270
271,2,package-271-2,package-267-1,7.2365,8.1693,Not,L25,Man,Married,Producer,OND,Upu,Otukpo,Benue south,Benue,TMEB2,TMS-14F1306P0015,TMS-13F1049P0001,1267
272,2,package-272-2,package-263-1,7.2366,8.1693,Not,L25,Man,Married,Producer,JSSCE,Upu,Otukpo,Benue south,Benue,TMS-14F1291P0003,TMS-14F1195P0005,TMS-13F1343P0044,1263
273,2,package-273-2,package-261-1,7.2365,8.1692,Not,L25,Man,Married,Producer,PSLC,Upu,Otukpo,Benue south,Benue,TMS-13F1343P0022,TMS-13F1088P0007,K195,1261
274,2,package-274-2,package-274-2,7.2366,8.1691,Not,L25,Man,Married,Producer,SSCE,Upu,Otukpo,Benue south,Benue,IITA-TMS-IBA30572,TMS-13F1153P0001,TMS-14F1310P0004,2274
275,2,package-275-2,package-268-1,7.2367,8.1691,Not,L25,Man,Married,Producer,HND,Upu,Otukpo,Benue south,Benue,TMS-14F1223P0007,TMEB7,TMEB419,1268
276,2,package-276-2,package-276-2,7.2367,8.1689,Not,L25,Woman,Married,Producer/Processor,PSLC,Upu,Otukpo,Benue south,Benue,TMS-IBA961632,TMS-13F1307P0016,TMEB2,2276
277,2,package-277-2,package-266-1,7.2368,8.1687,Not,L25,Man,Married,Producer,OND,Upu,Otukpo,Benue south,Benue,TMS-14F1310P0015,IITA-TMS-IBA980581,TMS-13F1160P0004,1266
278,2,package-278-2,package-278-2,7.2368,8.1687,Not,L27,Woman,Married,Producer/Processor,PSLC,Upu,Otukpo,Benue south,Benue,TMEB693,TMS-13F1343P0022,TMS-14F1306P0015,2278
279,2,package-279-2,package-279-2,7.2368,8.1689,Not,L25,Man,Married,Producer,PSLC,Upu,Otukpo,Benue south,Benue,TMS-13F2110P0008,TMS-14F1287P0008,TMS-14F1310P0015,2279
280,2,package-280-2,package-280-2,7.2368,8.1687,Not,L27,Woman,Married,Producer/Processor,No formal education,Upu,Otukpo,Benue south,Benue,TMS-14F1035P0004,TMS-14F1223P0007,TMS-14F1291P0003,2280
281,2,package-281-2,package-284-1,7.5641,8.2091,Not,L27,Man,Married,Producer,OND,Naka,Gwer west,Benue N/W,Benue,TMS-13F1153P0001,TMS-14F1301P0013,TMS-14F1287P0008,1284
282,2,package-282-2,package-290-1,7.5641,8.2091,Yes,L27,Man,Married,Producer,OND,Naka,Gwer west,Benue N/W,Benue,TMS-14F1195P0005,TMEB2,IITA-TMS-IBA980581,1290
283,2,package-283-2,package-286-1,7.5641,8.2092,Not,L27,Man,Married,Producer,SSCE,Naka,Gwer west,Benue N/W,Benue,TMS-13F1088P0007,TMS-14F1306P0015,TMS-13F1160P0004,1286
284,2,package-284-2,package-289-1,7.5641,8.2092,Not,L27,Man,Married,Producer,OND,Naka,Gwer west,Benue N/W,Benue,K195,TMEB419,TMS-13F1343P0044,1289
285,2,package-285-2,package-285-2,7.564,8.2093,Not,L27,Man,Married,Producer,SSCE,Naka,Gwer west,Benue N/W,Benue,TMS-13F1049P0001,TMS-14F1301P0013,TMEB7,2285
286,2,package-286-2,package-286-2,7.5638,8.2095,Not,L27,Woman,Married,Producer/Processor,PSLC,Naka,Gwer west,Benue N/W,Benue,TMS-13F1307P0016,TMS-13F0153P0001,TMS-14F1035P0004,2286
287,2,package-287-2,package-283-1,7.5638,8.2098,Not,L27,Woman,Married,Producer/Processor,NCE,Naka,Gwer west,Benue N/W,Benue,TMEB7,TMS-14F1310P0004,TMEB693,1283
288,2,package-288-2,package-288-2,7.5638,8.2098,Not,L27,Man,Married,Producer,PSLC,Naka,Gwer west,Benue N/W,Benue,TMEB2,TMS-IBA961632,IITA-TMS-IBA30572,2288
289,2,package-289-2,package-281-1,7.5638,8.2098,Not,L27,Woman,Married,Producer/Processor,OND,Naka,Gwer west,Benue N/W,Benue,IITA-TMS-IBA980581,TMS-13F2110P0008,TMEB419,1281
290,2,package-290-2,package-288-1,7.5649,8.2096,Not,L27,Woman,Married,Producer/Processor,OND,Naka,Gwer west,Benue N/W,Benue,IITA-TMS-IBA000070,TMS-13F1343P0044,TMS-13F1088P0007,1288
291,2,package-291-2,package-297-1,7.3012,8.7862,Not,L28,Woman,Married,Producer/Processor,No formal education,Gboko Mbayon,Gboko,Benue N/W,Benue,TMS-14F1287P0008,TMEB693,TMS-14F1195P0005,1297
292,2,package-292-2,package-293-1,7.3012,8.7862,Yes,L28,Man,Married,Producer,SSCE,Gboko Mbayon,Gboko,Benue N/W,Benue,TMS-14F1291P0003,IITA-TMS-IBA000070,TMS-13F1307P0016,1293
293,2,package-293-2,package-291-1,7.2888,8.8833,Not,L28,Man,Married,Producer,NCE,Gboko Mbayon,Gboko,Benue N/W,Benue,TMS-IBA961632,TMS-13F1160P0004,TMS-13F1049P0001,1291
294,2,package-294-2,package-292-1,7.3012,8.7862,Not,L28,Man,Married,Producer,SSCE,Gboko Mbayon,Gboko,Benue N/W,Benue,TMS-13F1343P0022,K195,TMS-14F1301P0013,1292
295,2,package-295-2,package-295-1,7.3963,9.0881,Not,L29,Woman,Married,Producer,SSCE,Gboko Mbayon,Gboko,Benue N/W,Benue,TMS-14F1306P0015,TMS-13F1160P0004,TMS-13F0153P0001,1295
296,2,package-296-2,package-298-1,7.3963,9.0809,Not,L29,Man,Married,Producer,SSCE,Gboko Mbayon,Gboko,Benue N/W,Benue,TMS-14F1195P0005,TMS-14F1035P0004,TMS-14F1223P0007,1298
297,2,package-297-2,package-296-1,7.3963,9.0809,Not,L29,Woman,Married,Producer,SSCE,Gboko Mbayon,Gboko,Benue N/W,Benue,TMS-13F1088P0007,TMS-14F1310P0015,TMS-13F1153P0001,1296
298,2,package-298-2,package-294-1,7.3943,9.0795,Yes,L29,Man,Married,Producer,Degree holder,Gboko Mbayon,Gboko,Benue N/W,Benue,TMS-14F1310P0004,TMS-13F1049P0001,TMS-14F1310P0015,1294
299,2,package-299-2,package-299-1,7.3126,9.0817,Not,L29,Man,Married,Producer,SSCE,Gboko Mbayon,Gboko,Benue N/W,Benue,TMS-13F1153P0001,TMEB7,TMS-13F2110P0008,1299
300,2,package-300-2,package-300-1,7.3911,9.0835,Not,L29,Man,Married,Producer,SSCE,Gboko Mbayon,Gboko,Benue N/W,Benue,IITA-TMS-IBA30572,TMS-13F1343P0044,TMEB2,1300
301,2,package-301-2,package-301-2,7.4479,9.1671,Yes,L30,Woman,Married,Producer/Processor,SSCE,Buruku,Buruku,Benue N/W,Benue,TMS-13F0153P0001,TMS-13F2110P0008,TMS-14F1291P0003,2301
302,2,package-302-2,package-302-2,7.4477,9.1692,Not,L30,Man,Married,Producer,SSCE,Buruku,Buruku,Benue N/W,Benue,TMS-14F1310P0004,TMS-14F1301P0013,IITA-TMS-IBA980581,2302
303,2,package-303-2,package-303-2,7.4477,9.1672,Not,L30,Man,Married,Producer,SSCE,Buruku,Buruku,Benue N/W,Benue,TMS-14F1035P0004,TMS-14F1223P0007,K195,2303
304,2,package-304-2,package-304-2,7.4464,9.1624,Not,L30,Woman,Married,Producer/Processor,PSLC,Buruku,Buruku,Benue N/W,Benue,K195,TMS-13F1307P0016,TMS-14F1306P0015,2304
305,2,package-305-2,package-309-1,7.4782,9.1215,Not,L30,Man,Married,Producer,OND,Mbaapen Ijei,Buruku,Benue N/W,Benue,TMS-IBA961632,TMS-14F1195P0005,TMS-13F1343P0022,1309
306,2,package-306-2,package-302-1,7.4815,9.1212,Not,L30,Woman,Married,Producer/Processor,No formal education,Mbaapen Ijei,Buruku,Benue N/W,Benue,TMEB419,TMS-14F1310P0004,IITA-TMS-IBA000070,1302
307,2,package-307-2,package-307-2,7.4716,9.1216,Not,L30,Man,Married,Producer,PSLC,Mbaapen Ijei,Buruku,Benue N/W,Benue,TMEB693,TMS-13F0153P0001,TMS-13F1343P0022,2307
308,2,package-308-2,package-308-2,7.4791,9.1203,Not,L30,Man,Married,Producer,PSLC,Mbaapen Ijei,Buruku,Benue N/W,Benue,TMS-13F1343P0044,TMS-14F1306P0015,TMS-14F1287P0008,2308
309,2,package-309-2,package-304-1,7.4479,9.207,Not,L30,Woman,Married,Producer/Processor,SSCE,Mbaapen Ijei,Buruku,Benue N/W,Benue,TMS-14F1291P0003,TMEB419,IITA-TMS-IBA30572,1304
310,2,package-310-2,package-310-2,7.4695,8.1648,Not,L27,Woman,Married,Producer/Processor,PSLC,Mbaapen Ijei,Buruku,Benue N/W,Benue,TMS-14F1310P0015,IITA-TMS-IBA000070,IITA-TMS-IBA980581,2310
311,2,package-311-2,package-316-1,7.9205,8.588,Yes,L31,Man,Married,Producer,SSCE,Daudu,Guma,Benue N/W,Benue,TMS-13F2110P0008,TMS-13F1088P0007,TMS-14F1301P0013,1316
312,2,package-312-2,package-314-1,7.9525,8.6124,Not,L31,Man,Married,Producer,SSCE,Daudu,Guma,Benue N/W,Benue,TMS-13F1307P0016,TMS-13F1153P0001,TMS-IBA961632,1314
313,2,package-313-2,package-313-2,7.9296,8.5857,Not,L31,Man,Married,Producer/Processor,SSCE,Daudu,Guma,Benue N/W,Benue,TMS-14F1287P0008,K195,TMEB7,2313
314,2,package-314-2,package-317-1,7.9526,8.6124,Not,L31,Man,Married,Producer/Processor,OND,Daudu,Guma,Benue N/W,Benue,TMS-13F1160P0004,IITA-TMS-IBA30572,TMS-13F1343P0044,1317
315,2,package-315-2,package-318-1,7.9482,8.6095,Not,L31,Man,Married,Producer/Processor,OND,Daudu,Guma,Benue N/W,Benue,TMEB2,IITA-TMS-IBA980581,TMS-14F1223P0007,1318
316,2,package-316-2,package-311-1,7.9481,8.6095,Not,L31,Woman,Married,Producer/Processor,SSCE,Daudu,Guma,Benue N/W,Benue,TMS-14F1306P0015,TMS-13F1049P0001,TMS-13F0153P0001,1311
317,2,package-317-2,package-315-1,7.9482,8.6095,Not,L31,Man,Married,Producer,SSCE,Daudu,Guma,Benue N/W,Benue,TMEB693,TMS-13F1088P0007,TMS-14F1310P0004,1315
318,2,package-318-2,package-318-2,7.9482,8.6096,Not,L31,Woman,Married,Producer/Processor,PSLC,Daudu,Guma,Benue N/W,Benue,TMS-13F1153P0001,TMS-14F1291P0003,TMS-14F1035P0004,2318
319,2,package-319-2,package-319-2,7.9482,8.6096,Not,L31,Woman,Married,Producer/Processor,No formal education,Daudu,Guma,Benue N/W,Benue,TMS-13F1343P0022,TMEB2,TMS-13F1307P0016,2319
320,2,package-320-2,package-320-1,7.9481,8.6094,Not,L31,Woman,Married,Producer/Processor,No formal education,Daudu,Guma,Benue N/W,Benue,IITA-TMS-IBA30572,TMS-13F1160P0004,TMS-14F1195P0005,1320