tricot_pkg,,rhomis,longitude,latitude,year,Lead_farm,,lead_farm_pre_classified,sex,maritalstatus,farmingstatus,educatiolqualification,communityme,lga,setorialzone,state,coordinate,varietya,varietyb,varietyc,rhomisid
package-1-2,,package-91-1,7.56654,4.88855,2,Yes,,L1,Man,Single,Producer/Processor,MSc,Ikot Akpankuk,Ukanafon,Ikot Ekpene,Akwa Ibom,NA,TMS-14F1301P0013,IITA-TMS-IBA000070,TMEB2,1091
package-2-2,,package-2-2,7.562324,4.875218,2,Not,,L1,Man,Married,Producer/Processor,SSCE,Ikot Akpankuk,Ukanafun,Ikot Ekpene,Akwa Ibom,NA,TMS-14F1287P0008,IITA-TMS-IBA30572,TMEB693,2002
package-3-2,,package-3-2,7.5665405,4.8885458,2,Not,,,Man,Single,Producer/Processor,NCE,Ikot Akpankuk,Ukanafun,Ikot Ekpene,Akwa Ibom,NA,TMS-13F1307P0016,TMS-14F1035P0004,TMS-13F1049P0001,2003
package-4-2,,package-4-2,7.570602,4.871738,2,Not,,,Woman,Single,Producer/Processor,BSc,Ikot Inyang Abia,Ukanafun,Ikot Ekpene,Akwa Ibom,NA,TMS-14F1306P0015,TMS-14F1223P0007,TMEB7,2004
package-5-2,,package-5-2,7.33441,4.5212,2,Not,,,Man,Married,Producer,FSLC,Ikot Enang,Ukanafun,Ikot Ekpene,Akwa Ibom,NA,TMS-13F1153P0001,TMS-14F1291P0003,IITA-TMS-IBA980581,2005
package-6-2,,package-6-2,7.33441,4.5212,2,Not,,,Woman,Married,Producer/Processor,FSLC,Ikot Enang,Ukanafun,Ikot Ekpene,Akwa Ibom,NA,TMS-13F1160P0004,TMS-13F0153P0001,TMS-14F1310P0004,2006
package-7-2,,package-7-2,7.33441,4.5212,2,Not,,,Man,Married,Producer/Processor,NCE,Ikot Enang,Ukanafun,Ikot Ekpene,Akwa Ibom,NA,TMS-13F1343P0044,TMS-13F1343P0022,TMS-13F2110P0008,2007
package-8-2,,package-8-2,7.33441,4.5212,2,Not,,,Woman,Married,Producer/Processor,NCE,Ikot Enang,Ukanafun,Ikot Ekpene,Akwa Ibom,NA,TMS-13F1088P0007,TMS-14F1195P0005,K195,2008
package-9-2,,package-9-2,7.33441,4.5212,2,Not,,,Man,Married,Producer/Processor,NCE,Ikot Enang,Ukanafun,Ikot Ekpene,Akwa Ibom,NA,TMS-IBA961632,TMS-13F1088P0007,TMEB419,2009
package-10-2,,package-10-2,7.33441,4.5212,2,Not,,,Woman,Married,Producer/Processor,SSCE,Ikot Enang,Ukanafun,Ikot Ekpene,Akwa Ibom,NA,TMS-14F1310P0015,TMEB693,TMS-13F1160P0004,2010
package-11-2,,package-11-2,7.571685,4.871631,2,Yes,,L2,Woman,Married,Producer,NCE,Ikot Akai,Ukanafun,Ikot Ekpene,Akwa Ibom,NA,TMS-13F1343P0022,TMS-14F1310P0004,TMS-14F1223P0007,2011
package-12-2,,package-93-1,7.5658495,4.8865299,2,Not,,,Man,Single,Producer/Processor,HND,Ikot Akpankuk,Ukanafun,Ikot Ekpene,Akwa Ibom,NA,TMS-13F2110P0008,TMEB2,TMS-14F1035P0004,1093
package-13-2,,package-92-1,7.5658495,4.8865299,2,Not,,,Man,Married,Producer/Processor,OND,Ikot Akpankuk,Ukanafun,Ikot Ekpene,Akwa Ibom,NA,TMS-13F0153P0001,K195,TMS-13F1307P0016,1092
package-14-2,,package-94-1,7.5649944,4.8630255,2,Not,,,Man,Married,Producer/Processor,SSCE,Ikot Inyang Abia,Ukanafun,Ikot Ekpene,Akwa Ibom,NA,TMS-14F1291P0003,TMS-14F1306P0015,TMS-14F1287P0008,1094
package-15-2,,package-15-2,7.33329,4.51292,2,Not,,,Woman,Married,Producer/Processor,FSCL,Ikot Enang,Ukanafun,Ikot Ekpene,Akwa Ibom,NA,IITA-TMS-IBA30572,TMS-14F1310P0015,TMS-IBA961632,2015
package-16-2,,package-16-2,7.547511,4.843529,2,Not,,,Man,Married,Producer/Processor,FSLC,Ikot Ukpong,Ukanafun,Ikot Ekpene,Akwa Ibom,NA,IITA-TMS-IBA980581,TMEB419,TMS-14F1301P0013,2016
package-17-2,,package-17-2,7.548955,4.828739,2,Not,,,Woman,Married,Producer/Processor,SSCE,Ikot Inyang Abia,Ukanafun,Ikot Ekpene,Akwa Ibom,NA,TMS-13F1049P0001,TMS-13F1343P0044,TMS-13F1153P0001,2017
package-18-2,,package-18-2,7.568215,4.871901,2,Not,,,Woman,Married,Producer,Tertiary,Ikot Akpankuk,Ukanafun,Ikot Ekpene,Akwa Ibom,NA,IITA-TMS-IBA000070,TMEB7,TMS-14F1306P0015,2018
package-19-2,,package-96-1,7.571685,4.871631,2,Not,,,Man,Married,Producer/Processor,OND,Ikot Akai,Ukanafun,Ikot Ekpene,Akwa Ibom,NA,TMS-13F1307P0016,TMS-13F1153P0001,TMS-14F1195P0005,1096
package-20-2,,package-20-2,7.572675,4.87271,2,Not,,,Woman,Married,Producer/Processor,SSCE,Ikot Etim,Ukanafun,Ikot Ekpene,Akwa Ibom,NA,TMEB2,TMS-14F1287P0008,TMEB419,2020
package-21-2,,package-111-1,7.5665405,4.8885458,2,Yes,,L3,Man,Married,Producer/Root Seller,HND,Ikot Akpankuk,Ukanafun,Ikot Ekpene,Akwa Ibom,NA,TMS-14F1195P0005,TMEB7,TMS-14F1310P0015,1111
package-22-2,,package-119-1,7.551315,4.846501,2,Not,,L3,Man,Married,Producer,SSCE,Ikot Udobong,Ukanafun,Ikot Ekpene,Akwa Ibom,NA,K195,TMS-13F1049P0001,TMS-13F1343P0044,1119
package-23-2,,package-115-1,7.5665405,4.8885458,2,Not,,L3,Man,Married,Producer,SSCE,Ikot Akpankuk,Ukanafun,Ikot Ekpene,Akwa Ibom,NA,TMS-14F1310P0004,TMS-13F1160P0004,TMS-13F1343P0022,1115
package-24-2,,package-112-1,7.5665405,4.8885458,2,Not,,L3,Man,Married,Producer,Bed,Ikot Akpankuk,Ukanafun,Ikot Ekpene,Akwa Ibom,NA,TMS-14F1223P0007,TMS-14F1301P0013,TMS-IBA961632,1112
package-25-2,,package-114-1,7.5665405,4.8885458,2,Not,,L3,Woman,Married,Producer,FSLC,Ikot Akpankuk,Ukanafun,Ikot Ekpene,Akwa Ibom,NA,TMS-13F0153P0001,IITA-TMS-IBA980581,TMS-13F1088P0007,1114
package-26-2,,package-116-1,7.5665405,4.8885458,2,Not,,L3,Man,Married,Producer/Processor,SSCE,Ikot Akpankuk,Ukanafun,Ikot Ekpene,Akwa Ibom,NA,TMS-14F1035P0004,TMEB693,IITA-TMS-IBA000070,1116
package-27-2,,package-27-2,7.5665405,4.8885458,2,Not,,L3,Man,Widower,Producer/Root Seller,BSc,Ikot Akpankuk,Ukanafun,Ikot Ekpene,Akwa Ibom,NA,TMS-14F1195P0005,TMS-13F2110P0008,IITA-TMS-IBA30572,2027
package-28-2,,package-117-1,7.5665405,4.8885458,2,Not,,L3,Woman,Married,Producer/Root Seller,SSCE,Ikot Akpankuk,Ukanafun,Ikot Ekpene,Akwa Ibom,NA,TMS-13F1343P0044,TMS-IBA961632,TMS-14F1291P0003,1117
package-29-2,,package-29-2,7.5665405,4.8885458,2,Not,,L3,Woman,Married,Producer/Processor,Bed,Ikot Akpankuk,Ukanafun,Ikot Ekpene,Akwa Ibom,NA,TMS-13F2110P0008,TMS-14F1035P0004,K195,2029
package-30-2,,package-30-2,7.5665405,4.8885458,2,Not,,L3,Man,Married,Producer,FSLC,Ikot Akpankuk,Ukanafun,Ikot Ekpene,Akwa Ibom,NA,TMS-14F1310P0004,IITA-TMS-IBA30572,IITA-TMS-IBA980581,2030
package-31-2,,package-121-1,7.5658495,4.8865299,2,Yes,,L4,Man,Single,Producer,HND,Ikot Edong Afahaobo,Ukanafun,Ikot Ekpene,Akwa Ibom,NA,TMEB693,TMS-13F1153P0001,TMS-13F1049P0001,1121
package-32-2,,package-128-1,7.5658495,4.8865299,2,Not,,,Man,Married,Producer/Processor,SSCE,Ikot Edong Afahaobo,Ukanafun,Ikot Ekpene,Akwa Ibom,NA,TMS-14F1223P0007,TMS-14F1291P0003,IITA-TMS-IBA000070,1128
package-33-2,,package-33-2,7.5658495,4.8865299,2,Not,,,Man,Single,Producer,SSCE,Ikot Edong Afahaobo,Ukanafun,Ikot Ekpene,Akwa Ibom,NA,TMEB7,TMS-13F1343P0022,TMS-13F0153P0001,2033
package-34-2,,package-34-2,7.572675,4.87271,2,Not,,,Man,NA,Producer,SSCE,Ikot Etim,Ukanafun,Ikot Ekpene,Akwa Ibom,NA,TMEB419,TMS-13F1160P0004,TMS-13F1088P0007,2034
package-35-2,,package-35-2,7.5658495,4.8865299,2,Not,,,Woman,Married,Producer/Processor,FSCL,Ikot Edong Afahaobo,Ukanafun,Ikot Ekpene,Akwa Ibom,NA,TMS-14F1287P0008,TMS-13F1307P0016,TMS-14F1310P0015,2035
package-36-2,,package-36-2,7.5658495,4.8865299,2,Not,,,Man,Single,Producer/Processor,ND,Ikot Edong Afahaobo,Ukanafun,Ikot Ekpene,Akwa Ibom,NA,TMS-14F1306P0015,TMS-14F1310P0015,TMS-14F1301P0013,2036
package-37-2,,package-37-2,7.5665405,4.8885458,2,Not,,L3,Woman,Married,Producer/Processor,MSc,Ikot Akpankuk,Ukanafun,Ikot Ekpene,Akwa Ibom,NA,TMS-14F1301P0013,TMS-13F2110P0008,TMEB2,2037
package-38-2,,package-38-2,7.5658495,4.8865299,2,Not,,,Woman,Married,Producer/Processor,NCE,Ikot Edong Afahaobo,Ukanafun,Ikot Ekpene,Akwa Ibom,NA,TMS-13F1160P0004,TMS-13F1343P0044,TMS-14F1223P0007,2038
package-39-2,,package-126-1,7.5658495,4.8865299,2,Not,,,Man,Single,Producer,HND,Ikot Edong Afahaobo,Ukanafun,Ikot Ekpene,Akwa Ibom,NA,TMEB2,IITA-TMS-IBA980581,TMS-13F1343P0022,1126
package-40-2,,package-125-1,7.5658495,4.8865299,2,Not,,,Man,Married,Producer,SSCE,Ikot Edong Afahaobo,Ukanafun,Ikot Ekpene,Akwa Ibom,NA,TMS-13F1088P0007,TMS-13F1307P0016,TMS-13F0153P0001,1125
package-41-2,,package-41-2,7.5665405,4.8885458,2,Yes,,L5,Woman,Married,Producer,Bed,Ikot Edong Afahaobo,Ukanafun,Ikot Ekpene,Akwa Ibom,NA,K195,TMS-IBA961632,TMS-14F1291P0003,2041
package-42-2,,package-42-2,7.551315,4.846501,2,Not,,,Man,Married,Producer,BSc,Ikot Udobong,Ukanafun,Ikot Ekpene,Akwa Ibom,NA,TMS-14F1035P0004,TMS-14F1310P0004,TMS-14F1287P0008,2042
package-43-2,,package-43-2,7.551315,4.846501,2,Not,,,Woman,Single,Producer,BSc,Ikot Udobong,Ukanafun,Ikot Ekpene,Akwa Ibom,NA,IITA-TMS-IBA30572,IITA-TMS-IBA000070,TMEB693,2043
package-44-2,,package-44-2,7.571685,4.871631,2,Not,,,Woman,Married,Producer,SSCE,Ikot Akai,Ukanafun,Ikot Ekpene,Akwa Ibom,NA,TMS-13F1049P0001,TMEB419,TMS-14F1306P0015,2044
package-45-2,,package-45-2,7.571685,4.871631,2,Not,,,Man,Married,Producer/Processor,FLSC,Ikot Akai,Ukanafun,Ikot Ekpene,Akwa Ibom,NA,TMS-13F1153P0001,TMEB419,TMEB7,2045
package-46-2,,package-46-2,7.5665405,4.8885458,2,Not,,,Woman,Married,Producer,SSCE,Ikot Akpankuk,Ukanafun,Ikot Ekpene,Akwa Ibom,NA,TMS-13F1088P0007,TMS-13F1049P0001,TMS-14F1195P0005,2046
package-47-2,,package-47-2,7.571685,4.871631,2,Not,,,Man,Married,Producer,OND,Ikot Akai,Ukanafun,Ikot Ekpene,Akwa Ibom,NA,TMS-13F0153P0001,TMS-14F1301P0013,TMS-14F1310P0004,2047
package-48-2,,package-48-2,7.5658495,4.8865299,2,Not,,,Woman,Married,Producer,SSCE,Ikot Edong Afahaobo,Ukanafun,Ikot Ekpene,Akwa Ibom,NA,TMEB693,TMEB2,TMS-13F1153P0001,2048
package-49-2,,package-49-2,7.5665405,4.8885458,2,Not,,,Man,Married,Producer,MBed,Ikot Akpankuk,Ukanafun,Ikot Ekpene,Akwa Ibom,NA,TMS-IBA961632,TMS-14F1287P0008,IITA-TMS-IBA980581,2049
package-50-2,,package-50-2,7.5665405,4.8885458,2,Not,,,Man,Married,Producer/Processor,NCE,Ikot Akpankuk,Ukanafun,Ikot Ekpene,Akwa Ibom,NA,TMS-13F1343P0022,TMS-14F1306P0015,TMS-14F1291P0003,2050
package-51-2,,package-139-1,7.946356,5.1135248,2,Yes,,L6,Man,Married,Producer/Processor,Tertiary,Ikot Ukono Itam,Ukanafun,Ikot Ekpene,Akwa Ibom,NA,TMS-13F1160P0004,TMS-13F1307P0016,TMS-13F1343P0044,1139
package-52-2,,package-144-1,7.946356,5.1135248,2,Not,,L6,Woman,Married,Producer/Processor,SSCE,Ikot Ukono Itam,Ikono,Ikot Ekpene,Akwa Ibom,NA,IITA-TMS-IBA000070,TMS-13F2110P0008,TMS-14F1035P0004,1144
package-53-2,,package-156-1,7.946356,5.1135248,2,Not,,L6,Woman,Married,Producer,Tertiary,Aka Idop,Ikono,Ikot Ekpene,Akwa Ibom,NA,TMS-13F1153P0001,TMS-14F1223P0007,K195,1156
package-54-2,,package-138-1,7.957161,5.124872,2,Not,,,Woman,Married,Producer/Processor,NCE,Ikot Ukono Itam,Ikono,Ikot Ekpene,Akwa Ibom,NA,TMS-14F1291P0003,TMS-14F1195P0005,TMEB7,1138
package-55-2,,package-55-2,7.957161,5.124872,2,Not,,,Woman,Married,Producer/Processor,FSLC,Ikot Ukono Itam,Ikono,Ikot Ekpene,Akwa Ibom,NA,TMS-14F1310P0015,TMS-13F1088P0007,IITA-TMS-IBA30572,2055
package-56-2,,package-56-2,7.946356,5.1135248,2,Not,,L6,Woman,Married,Producer/Processor,FSLC,Aka Idop,Ini,Ikot Ekpene,Akwa Ibom,NA,TMEB419,TMEB7,TMS-13F2110P0008,2056
package-57-2,,package-57-2,7.946356,5.1135248,2,Not,,L6,Man,Married,Producer,SSCE,Aka Idop,Ikot Ekpene,Ikot Ekpene,Akwa Ibom,NA,IITA-TMS-IBA30572,K195,TMS-13F0153P0001,2057
package-58-2,,package-58-2,7.946356,5.1135248,2,Not,,L6,Man,Single,Producer,FSLC,Aka Idop,Essien Udin,Ikot Ekpene,Akwa Ibom,NA,TMS-14F1035P0004,TMS-14F1310P0015,IITA-TMS-IBA000070,2058
package-59-2,,package-140-1,7.946356,5.1135248,2,Not,,L6,Woman,Married,Producer,FSCL,Aka Idop,Ikono,Ikot Ekpene,Akwa Ibom,NA,TMS-14F1310P0004,TMS-14F1287P0008,TMS-13F1307P0016,1140
package-60-2,,package-60-2,7.9463715,5.1119055,2,Not,,L7,Woman,Married,Producer/Processor,BSc,Uyo Itam,Ikot Ekpene,Ikot Ekpene,Akwa Ibom,NA,TMS-13F1343P0022,TMS-14F1223P0007,TMS-13F1049P0001,2060
package-61-2,,package-148-1,7.9463715,5.1119055,2,Yes,,L7,Man,Married,Producer/Processor,Tertiary,Uyo Itam,Ikono,Uyo,Akwa Ibom,NA,IITA-TMS-IBA980581,TMS-13F1343P0044,TMS-14F1306P0015,1148
package-62-2,,package-151-1,7.9463715,5.1119055,2,Not,,L7,Woman,Married,Producer/Processor,FSLC,Uyo Itam,Itu,Uyo,Akwa Ibom,NA,TMEB693,TMS-13F1088P0007,TMS-13F1160P0004,1151
package-63-2,,package-63-2,7.9463715,5.1119055,2,Not,,L7,Man,Single,Producer,NCE,Uyo Itam,Itu,Uyo,Akwa Ibom,NA,TMEB7,TMS-14F1301P0013,TMS-IBA961632,2063
package-64-2,,package-64-2,7.9463715,5.1119055,2,Not,,L7,Woman,Married,Producer/Processor,BSc,Uyo Itam,Itu,Uyo,Akwa Ibom,NA,TMS-14F1195P0005,IITA-TMS-IBA000070,TMEB2,2064
package-65-2,,package-158-1,7.9463715,5.1119055,2,Not,,L7,Man,Married,Producer/Processor,NCE,Uyo Itam,Itu,Uyo,Akwa Ibom,NA,TMS-13F1307P0016,TMS-13F1343P0022,IITA-TMS-IBA30572,1158
package-66-2,,package-142-1,7.946356,5.1135248,2,Not,,L6,Man,Single,Producer,SSCE,Aka Idop,Itu,Uyo,Akwa Ibom,NA,TMS-14F1310P0015,TMS-14F1035P0004,TMEB419,1142
package-67-2,,package-67-2,7.957161,5.1214872,2,Not,,,Woman,Single,Producer/ Root Seller,FSLC,Uyo Itam,itu,Uyo,Akwa Ibom,NA,TMS-14F1306P0015,TMS-14F1195P0005,TMS-14F1301P0013,2067
package-68-2,,package-68-2,7.957161,5.1214872,2,Not,,,Woman,Single,Producer/Processor,FSLC,Uyo Itam,Itu,Uyo,Akwa Ibom,NA,TMS-13F1343P0044,TMEB2,TMS-14F1223P0007,2068
package-69-2,,package-69-2,7.957161,5.1214872,2,Not,,,Woman,Single,Producer,FSLC,Uyo Itam,itu,Uyo,Akwa Ibom,NA,TMS-14F1291P0003,TMS-IBA961632,TMS-14F1287P0008,2069
package-70-2,,package-70-2,7.957161,5.1214872,2,Not,,,Woman,Single,Producer,FSLC,Uyo Itam,Itu,Uyo,Akwa Ibom,NA,TMS-13F1049P0001,K195,IITA-TMS-IBA980581,2070
package-71-2,,package-135-1,7.429864,5.1739498,2,Yes,,L8,Man,Married,Producer/Processor,MSc,Ikono,Itu,Uyo,Akwa Ibom,NA,TMS-13F1153P0001,TMS-13F0153P0001,TMEB693,1135
package-72-2,,package-134-1,7.429864,5.1739498,2,Not,,L8,Woman,Married,Producer/Processor,BSc,Ikono,itu,Uyo,Akwa Ibom,NA,TMS-13F2110P0008,TMS-13F1160P0004,TMS-13F1343P0022,1134
package-73-2,,package-73-2,7.429864,5.1739498,2,Not,,L8,Woman,Married,Producer/Processor,BSc,Ikono,Itu,Uyo,Akwa Ibom,NA,TMS-14F1195P0005,TMS-14F1310P0004,TMS-14F1310P0015,2073
package-74-2,,package-74-2,7.429864,5.1739498,2,Not,,L8,Woman,Married,Producer/Processor,BSc,Ikono,Itu,Uyo,Akwa Ibom,NA,TMEB2,TMEB7,TMS-13F1307P0016,2074
package-75-2,,package-132-1,7.429864,5.1739498,2,Not,,L8,Woman,Married,Producer/Processor,SSCE,Ikono,Itu,Uyo,Akwa Ibom,NA,TMEB419,TMS-13F1049P0001,IITA-TMS-IBA30572,1132
package-76-2,,package-76-2,7.429864,5.1739498,2,Not,,L8,Woman,Married,Producer/Processor,BSc,Ikono,Itu,Uyo,Akwa Ibom,NA,K195,TMS-14F1306P0015,TMS-13F2110P0008,2076
package-77-2,,package-77-2,7.429864,5.1739498,2,Not,,L8,Man,Married,Producer/Processor,DipTh,Ikono,Itu,Uyo,Akwa Ibom,NA,TMS-14F1301P0013,TMEB693,TMS-13F1343P0044,2077
package-78-2,,package-131-1,7.429864,5.1739498,2,Not,,L8,Woman,Married,Producer,BSc,Ikono,Itu,Uyo,Akwa Ibom,NA,TMS-14F1287P0008,IITA-TMS-IBA980581,TMS-13F1088P0007,1131
package-79-2,,package-159-1,7.429864,5.1739498,2,Not,,L8,Man,Married,Producer/Processor,BSc,Ikono,Itu,Uyo,Akwa Ibom,NA,TMS-IBA961632,TMS-14F1035P0004,TMS-14F1310P0004,1159
package-80-2,,package-80-2,7.429864,5.1739498,2,Not,,L8,Man,Single,Producer/Processor,SSCE,Ikono,Itu,Uyo,Akwa Ibom,NA,IITA-TMS-IBA000070,TMS-14F1291P0003,TMS-13F1153P0001,2080
package-81-2,,package-22-1,7.015258,5.410199,2,Yes,,L9,Woman,Married,Producer/Processor,HND,Ihiagwa,Owerri North,Owerri,Imo,NA,TMS-14F1223P0007,TMEB693,TMS-13F1160P0004,1022
package-82-2,,package-23-1,7.015258,5.410199,2,Not,,,Woman,Married,Producer/Processor,SSCE,Ihiagwa,Owerri North,Owerri,Imo,NA,IITA-TMS-IBA000070,TMS-13F0153P0001,TMEB419,1023
package-83-2,,package-83-2,7.0130096,5.4098507,2,Not,,,Woman,Married,Producer/Processor,SSCE,Ihiagwa,Owerri North,Owerri,Imo,NA,IITA-TMS-IBA980581,TMS-14F1287P0008,K195,2083
package-84-2,,package-84-2,7.015258,5.410199,2,Not,,,Woman,Married,Producer/Processor,HND,Ihiagwa,Owerri North,Owerri,Imo,NA,TMEB7,TMS-13F1343P0044,TMS-14F1310P0015,2084
package-85-2,,package-85-2,7.015258,5.410199,2,Not,,,Man,Single,Producer/Processor,SSCE,Ihiagwa,Owerri North,Owerri,Imo,NA,TMS-13F2110P0008,IITA-TMS-IBA30572,TMS-13F1153P0001,2085
package-86-2,,package-86-2,7.0130096,5.4098507,2,Not,,,Woman,Married,Producer/Processor,SSCE,Ihiagwa,Owerri North,Owerri,Imo,NA,TMS-13F1160P0004,TMS-13F1343P0022,TMS-14F1035P0004,2086
package-87-2,,package-87-2,7.0130096,5.4098507,2,Not,,,Woman,Married,Producer/Processor,SSCE,Ihiagwa,Owerri North,Owerri,Imo,NA,TMS-13F1088P0007,TMS-14F1310P0004,TMS-13F1049P0001,2087
package-88-2,,package-88-2,7.0130096,5.4098507,2,Not,,,Woman,Married,Producer/Processor,SSCE,Ihiagwa,Owerri North,Owerri,Imo,NA,TMS-13F1307P0016,TMS-13F0153P0001,TMS-IBA961632,2088
package-89-2,,package-89-2,7.0130096,5.4098507,2,Not,,,Woman,Married,Producer/Processor,SSCE,Ihiagwa,Owerri North,Owerri,Imo,NA,TMS-14F1223P0007,TMEB2,TMS-14F1195P0005,2089
package-90-2,,package-90-2,7.0130096,5.4098507,2,Not,,,Woman,Married,Producer/Processor,SSCE,Ihiagwa,Owerri North,Owerri,Imo,NA,TMS-14F1301P0013,TMS-13F1088P0007,TMS-14F1291P0003,2090
package-91-2,,package-11-1,7.0130096,5.5765379,2,Yes,,L10,Woman,Married,NA,HND,Umunna Ubommiri,Mbaitolu,Owerri,Imo,NA,TMS-14F1306P0015,TMS-IBA961632,TMS-13F2110P0008,1011
package-92-2,,package-19-1,7.0130096,5.5765379,2,Not,,,Man,Married,NA,SSCE,Umudim Ubommiri,Mbaitolu,Owerri,Imo,NA,TMS-13F1343P0044,TMS-14F1310P0015,TMS-13F1160P0004,1019
package-93-2,,package-21-1,7.0130096,5.5765379,2,Not,,,Woman,Married,NA,SSCE,Umudim Ubommiri,Mbaitolu,Owerri,Imo,NA,TMS-13F1307P0016,TMS-14F1306P0015,TMS-14F1223P0007,1021
package-94-2,,package-13-1,7.0315259,5.5730476,2,Not,,,Woman,Married,NA,NCE,Umuawara Ubommiri,Mbaitolu,Owerri,Imo,NA,TMS-14F1310P0004,TMS-14F1301P0013,IITA-TMS-IBA000070,1013
package-95-2,,package-14-1,7.0315259,5.5730476,2,Not,,,Woman,Single,NA,BSc,Umuawara Ubommiri Agbala,Mbaitolu,Owerri,Imo,NA,IITA-TMS-IBA980581,TMS-13F1153P0001,TMS-14F1035P0004,1014
package-96-2,,package-96-2,7.0442015,5.5487413,2,Not,,,Woman,Married,NA,SSCE,Umuawara Ubommiri Agbala,Mbaitolu,Owerri,Imo,NA,TMS-14F1291P0003,TMEB419,TMS-14F1195P0005,2096
package-97-2,,package-12-1,7.0450578,5.5287546,2,Not,,,Woman,Married,NA,NCE,Umuogide Uberi,Mbaitolu,Owerri,Imo,NA,TMS-13F0153P0001,TMS-13F1049P0001,TMEB7,1012
package-98-2,,package-18-1,7.0450578,5.5254752,2,Not,,,Woman,Married,NA,BSc,Umueze Ubommiri,Mbaitolu,Owerri,Imo,NA,TMS-14F1035P0004,IITA-TMS-IBA30572,TMEB2,1018
package-99-2,,package-15-1,7.0450578,5.5287546,2,Not,,,Woman,Married,NA,SSCE,Umunna Ubommiri,Mbaitolu,Owerri,Imo,NA,TMS-13F1343P0022,TMS-13F2110P0008,TMEB693,1015
package-100-2,,package-100-2,7.0163636,5.5254752,2,Not,,,Woman,Married,NA,BSc,Umueze Ubommiri,Mbaitolu,Owerri,Imo,NA,TMEB419,K195,TMS-14F1287P0008,2100
package-101-2,,package-1-1,7.0860995,5.3653575,2,Yes,,L11,Man,Married,Producer/Processor,NCE,Imerienwe,Ngor Okpala,Owerri,Imo,NA,TMEB7,TMS-13F1307P0016,TMEB693,1001
package-102-2,,package-102-2,7.0860995,5.3653575,2,Not,,,Woman,Married,Producer/Processor,NCE,Imerienwe,Ngor Okpala,Owerri,Imo,NA,TMS-14F1287P0008,TMS-13F1160P0004,TMS-13F1049P0001,2102
package-103-2,,package-6-1,7.0860995,5.3653575,2,Not,,,Woman,Married,Producer/Processor,NCE,Imerienwe,Ngor Okpala,Owerri,Imo,NA,TMS-14F1291P0003,IITA-TMS-IBA980581,TMS-13F1343P0022,1006
package-104-2,,package-104-2,7.0860995,5.3653575,2,Not,,,Woman,Married,Producer/Processor,SSCE,Imerienwe,Ngor Okpala,Owerri,Imo,NA,TMS-14F1310P0015,TMS-13F1153P0001,TMS-IBA961632,2104
package-105-2,,package-2-1,7.0860995,5.3653575,2,Not,,,Man,Married,Producer/Processor,SSCE,Imerienwe,Ngor Okpala,Owerri,Imo,NA,IITA-TMS-IBA30572,TMS-14F1195P0005,TMS-13F0153P0001,1002
package-106-2,,package-106-2,7.0860995,5.3653575,2,Not,,,Woman,Married,Producer/Processor,SSCE,Imerienwe,Ngor Okpala,Owerri,Imo,NA,TMEB2,K195,TMS-13F1088P0007,2106
package-107-2,,package-3-1,7.0860995,5.3653575,2,Not,,,Man,Married,Producer/Processor,BSc,Imerienwe,Ngor Okpala,Owerri,Imo,NA,TMS-13F1343P0044,TMS-13F0153P0001,TMS-14F1310P0004,1003
package-108-2,,package-108-2,7.0860995,5.3653575,2,Not,,,Woman,Married,Producer/Processor,MSc,Imerienwe,Ngor Okpala,Owerri,Imo,NA,TMEB419,TMS-14F1223P0007,TMS-14F1306P0015,2108
package-109-2,,package-109-2,7.0860995,5.3653575,2,Not,,,Woman,Married,Producer/Processor,NCE,Imerienwe,Ngor Okpala,Owerri,Imo,NA,TMS-14F1287P0008,IITA-TMS-IBA000070,TMS-14F1301P0013,2109
package-110-2,,package-110-2,7.0860995,5.3653575,2,Not,,,Woman,Married,Producer/Processor,SSCE,Imerienwe,Ngor Okpala,Owerri,Imo,NA,TMEB693,TMS-14F1306P0015,IITA-TMS-IBA980581,2110
package-111-2,,package-80-1,7.355813,5.623158,2,Not,,L12,Man,Married,NA,SSCE,Umukara,Ihite Uboma,Okigwe,Imo,NA,TMS-14F1310P0015,TMEB2,TMS-13F1343P0044,1080
package-112-2,,package-70-1,7.355813,5.623158,2,Yes,,L12,Man,Married,NA,Mphil,Umukara,Ihite Uboma,Okigwe,Imo,NA,TMS-13F1343P0022,TMS-14F1195P0005,TMS-14F1301P0013,1070
package-113-2,,package-59-1,7.355813,5.623158,2,Not,,L12,Woman,Married,NA,FSLC,Umukara,Ihite Uboma,Okigwe,Imo,NA,TMS-13F1160P0004,TMS-14F1291P0003,TMS-13F1307P0016,1059
package-114-2,,package-72-1,7.355813,5.623158,2,Not,,L12,Woman,Married,NA,SSCE,Umukara,Ihite Uboma,Okigwe,Imo,NA,K195,TMS-13F1153P0001,IITA-TMS-IBA000070,1072
package-115-2,,package-71-1,7.355813,5.623158,2,Not,,L12,Woman,Married,NA,SSCE,Umukara,Ihite Uboma,Okigwe,Imo,NA,TMS-IBA961632,TMS-14F1035P0004,TMEB7,1071
package-116-2,,package-116-2,7.355813,5.623158,2,Not,,L12,Woman,Married,NA,Tertiary,Umukara,Ihite Uboma,Okigwe,Imo,NA,TMS-13F1049P0001,TMS-14F1223P0007,IITA-TMS-IBA30572,2116
package-117-2,,package-76-1,7.355813,5.623158,2,Not,,L12,Man,Married,NA,FSLC,Umukara,Ihite Uboma,Okigwe,Imo,NA,TMS-13F1088P0007,TMS-13F2110P0008,TMS-14F1310P0015,1076
package-118-2,,package-69-1,7.355813,5.623158,2,Not,,L12,Woman,Married,NA,SSCE,Umukara,Ihite Uboma,Okigwe,Imo,NA,TMS-14F1306P0015,TMS-14F1310P0004,TMS-14F1195P0005,1069
package-119-2,,package-61-1,7.355813,5.623158,2,Not,,L12,Woman,Married,NA,SSCE,Umukara,Ihite Uboma,Okigwe,Imo,NA,TMEB7,TMS-13F1343P0044,TMS-14F1287P0008,1061
package-120-2,,package-44-1,7.355813,5.623158,2,Not,,L12,Woman,Married,NA,SSCE,Umukara,Ihite Uboma,Okigwe,Imo,NA,IITA-TMS-IBA000070,TMEB693,TMS-13F1307P0016,1044
package-121-2,,package-32-1,7.3117057,5.6146394,2,Yes,,L13,Woman,Single,NA,SSCE,Umualumaku,Ehime Mbano,Okigwe,Imo,NA,TMS-13F0153P0001,TMS-14F1301P0013,TMS-14F1035P0004,1032
package-122-2,,package-122-2,7.3117057,5.6146394,2,Not,,,Woman,Single,NA,JS3,Umualumaku,Ehime Mbano,Okigwe,Imo,NA,TMS-13F1049P0001,IITA-TMS-IBA980581,TMEB419,2122
package-123-2,,package-50-1,7.3117057,5.6146394,2,Not,,L14,Woman,Married,NA,NCE,Umualumaku,Ehime Mbano,Okigwe,Imo,NA,TMS-13F1153P0001,TMS-IBA961632,K195,1050
package-124-2,,package-39-1,7.3117057,5.6146394,2,Not,,L14,Woman,Married,NA,SSCE,Umualumaku,Ehime Mbano,Okigwe,Imo,NA,TMEB2,TMS-13F1088P0007,TMS-14F1291P0003,1039
package-125-2,,package-35-1,7.3117057,5.6146394,2,Not,,L14,Woman,Married,NA,WACE,Umualumaku,Ehime Mbano,Okigwe,Imo,NA,TMS-13F2110P0008,IITA-TMS-IBA30572,TMS-14F1223P0007,1035
package-126-2,,package-126-2,7.3117057,5.6146394,2,Not,,L14,Woman,Married,NA,Bed,Umualumaku,Ehime Mbano,Okigwe,Imo,NA,TMS-14F1301P0013,TMS-13F1160P0004,TMS-14F1310P0004,2126
package-127-2,,package-49-1,7.3117057,5.6146394,2,Not,,L14,Man,Married,NA,WACE,Umualumaku,Ehime Mbano,Okigwe,Imo,NA,TMS-14F1287P0008,TMS-13F1049P0001,TMS-13F1343P0022,1049
package-128-2,,package-128-2,7.3117057,5.6146394,2,Not,,L14,Woman,Married,NA,WACE,Umualumaku,Ehime Mbano,Okigwe,Imo,NA,TMS-14F1035P0004,TMS-13F0153P0001,TMS-13F1088P0007,2128
package-129-2,,package-36-1,7.3117057,5.6146394,2,Not,,L14,Man,Married,NA,B.Sc,Umualumaku,Ehime Mbano,Okigwe,Imo,NA,TMS-14F1223P0007,TMS-14F1291P0003,TMEB7,1036
package-130-2,,package-130-2,7.3117057,5.6146394,2,Not,,L14,Woman,Married,NA,SSCE,Umualumaku,Ehime Mbano,Okigwe,Imo,NA,TMS-14F1195P0005,TMS-14F1310P0004,K195,2130
package-131-2,,package-37-1,7.3117057,5.6146394,2,Yes,,L14,Woman,Married,NA,WACE,Umualumaku,Ehime Mbano,Okigwe,Imo,NA,IITA-TMS-IBA30572,IITA-TMS-IBA980581,TMEB2,1037
package-132-2,,package-43-1,7.3117057,5.6146394,2,Not,,L14,Woman,Married,NA,OND,Umualumaku,Ehime Mbano,Okigwe,Imo,NA,TMS-IBA961632,IITA-TMS-IBA000070,TMS-13F1153P0001,1043
package-133-2,,package-55-1,7.3117057,5.6146394,2,Not,,L14,Woman,Married,NA,B Sc,Umualumaku,Ehime Mbano,Okigwe,Imo,NA,TMEB693,TMS-14F1310P0015,TMEB419,1055
package-134-2,,package-45-1,7.3117057,5.6146394,2,Not,,L14,Woman,Single,NA,SSCE,Umualumaku,Ehime Mbano,Okigwe,Imo,NA,TMS-13F1343P0044,TMS-14F1291P0003,TMS-14F1306P0015,1045
package-135-2,,package-135-2,7.3117057,5.6146394,2,Not,,,Man,Married,NA,WACE,Umualumaku,Ehime Mbano,Okigwe,Imo,NA,TMS-13F1049P0001,TMS-13F1307P0016,TMS-13F2110P0008,2135
package-136-2,,package-48-1,7.3117057,5.6146394,2,Not,,L14,Woman,Single,NA,SSCE,Umualumaku,Ehime Mbano,Okigwe,Imo,NA,TMS-13F1153P0001,TMS-13F1343P0022,TMS-13F1160P0004,1048
package-137-2,,package-137-2,7.3117057,5.6146394,2,Not,,L14,Woman,Married,NA,SSCE,Umualumaku,Ehime Mbano,Okigwe,Imo,NA,IITA-TMS-IBA980581,TMS-13F1307P0016,TMS-IBA961632,2137
package-138-2,,package-138-2,7.3117057,5.6146394,2,Not,,L14,Woman,Widow,NA,SSCE,Umualumaku,Ehime Mbano,Okigwe,Imo,NA,TMS-13F0153P0001,TMS-13F1343P0022,TMS-13F1343P0044,2138
package-139-2,,package-139-2,7.3117057,5.6146394,2,Not,,L14,Woman,Married,NA,FSLC,Umualumaku,Ehime Mbano,Okigwe,Imo,NA,TMS-13F1160P0004,TMS-14F1287P0008,TMEB2,2139
package-140-2,,package-46-1,7.3117057,5.6146394,2,Not,,L14,Woman,Married,NA,NCE,Umualumaku,Ehime Mbano,Okigwe,Imo,NA,TMS-14F1223P0007,TMEB419,IITA-TMS-IBA000070,1046
package-141-2,,package-141-2,7.3089461,5.6261916,2,Not,,,Woman,Married,NA,SSCE,Umualumaku,Ehime Mbano,Okigwe,Imo,NA,IITA-TMS-IBA30572,TMEB7,TMS-13F1307P0016,2141
package-142-2,,package-142-2,7.3089461,5.6261916,2,Not,,,Woman,Married,NA,FSLC,Umualumaku,Ehime Mbano,Okigwe,Imo,NA,TMS-14F1306P0015,TMS-14F1035P0004,IITA-TMS-IBA30572,2142
package-143-2,,package-40-1,7.3089461,5.6261916,2,Not,,,NA,NA,NA,NA,Umualumaku,Ehime Mbano,Okigwe,Imo,NA,TMS-13F2110P0008,TMS-14F1301P0013,TMEB693,1040
package-144-2,,package-41-1,7.3089461,5.6261916,2,Not,,,NA,NA,NA,NA,Umualumaku,Ehime Mbano,Okigwe,Imo,NA,TMS-13F2110P0008,TMS-14F1301P0013,TMEB693,1041
package-145-2,,package-34-1,7.3089461,5.6261916,2,Not,,,Man,Married,NA,NCE,Umualumaku,Ehime Mbano,Okigwe,Imo,NA,K195,TMS-14F1310P0015,TMS-14F1301P0013,1034
package-146-2,,package-146-2,7.3081737,5.6234886,2,Yes,,L15,Woman,Married,NA,SSCE,Umualumaku,Ihite Uboma,Okigwe,Imo,NA,K195,TMEB693,TMS-14F1195P0005,2146
package-147-2,,package-147-2,7.3089461,5.6261916,2,Not,,,Woman,Married,NA,SSCE,Umualumaku,Ehime Mbano,Okigwe,Imo,NA,TMS-13F1160P0004,TMS-14F1223P0007,TMS-14F1287P0008,2147
package-148-2,,package-47-1,7.3089461,5.6261916,2,Not,,,Woman,Married,NA,SSCE,Umualumaku,Ehime Mbano,Okigwe,Imo,NA,IITA-TMS-IBA980581,TMS-14F1195P0005,TMS-13F0153P0001,1047
package-149-2,,package-149-2,7.327255,5.629476,2,Not,,,Woman,Married,NA,FSLC,Umualumaku,Ehime Mbano,Okigwe,Imo,NA,TMS-14F1310P0004,TMEB7,TMS-14F1306P0015,2149
package-150-2,,package-38-1,7.3091022,5.6207855,2,Not,,,Woman,Married,NA,NCE,Umualumaku,Ehime Mbano,Okigwe,Imo,NA,TMS-14F1310P0015,TMEB419,TMS-13F1343P0044,1038
package-151-2,,package-51-1,7.307245,5.626191,2,Yes,,L16,Man,Widower,Producer/Processor,HND,Umuezegwu,Ihite Uboma,Okigwe,Imo,NA,IITA-TMS-IBA000070,TMS-IBA961632,TMS-13F1343P0022,1051
package-152-2,,package-152-2,7.3245888,5.6211868,2,Not,,,Woman,Married,Producer/Processor,Bed,Umuezegwu,Ihite Uboma,Okigwe,Imo,NA,TMEB2,TMS-13F1153P0001,TMS-13F1049P0001,2152
package-153-2,,package-67-1,7.214549,5.3756556,2,Not,,,Woman,Married,Producer/Processor,WACE,Umuezegwu,Ihite Uboma,Okigwe,Imo,NA,TMS-13F1343P0022,TMS-13F1088P0007,TMS-14F1035P0004,1067
package-154-2,,package-63-1,7.3388454,5.7161925,2,Not,,,Woman,Married,Producer/Processor,SSCE,Umuezegwu,Ihite Uboma,Okigwe,Imo,NA,TMS-13F1307P0016,TMS-13F2110P0008,TMS-14F1310P0004,1063
package-155-2,,package-54-1,7.192588,5.3721912,2,Not,,,Woman,Married,Producer/Processor,WACE,Umuezegwu,Ihite Uboma,Okigwe,Imo,NA,TMS-14F1195P0005,TMS-14F1306P0015,IITA-TMS-IBA000070,1054
package-156-2,,package-156-2,7.3245888,5.62118687,2,Not,,,Woman,Married,Producer/Processor,WACE,Umuezegwu,Ihite Uboma,Okigwe,Imo,NA,TMS-14F1035P0004,TMS-13F1049P0001,K195,2156
package-157-2,,package-157-2,7.3481699,5.6344962,2,Not,,L12,Woman,Married,Producer/Processor,Bed,Umuezegwu,Ihite Uboma,Okigwe,Imo,NA,TMS-14F1291P0003,TMS-13F0153P0001,TMS-14F1310P0015,2157
package-158-2,,package-60-1,7.193484,5.624518,2,Not,,,Woman,Married,Producer/Processor,SSCE,Umuezegwu,Ihite Uboma,Okigwe,Imo,NA,TMS-13F1088P0007,TMS-13F1153P0001,TMS-14F1223P0007,1060
package-159-2,,package-62-1,7.3089461,5.6261916,2,Not,,,Woman,Married,Producer/Processor,ND,Umuezegwu,Ihite Uboma,Okigwe,Imo,NA,TMEB7,TMS-13F2110P0008,IITA-TMS-IBA980581,1062
package-160-2,,package-52-1,7.3089461,5.6261916,2,Not,,,Woman,Married,Producer/Processor,WACE,Umuezegwu,Ihite Uboma,Okigwe,Imo,NA,TMS-IBA961632,TMS-13F1343P0044,TMEB693,1052
package-161-2,,package-161-1,4.34031,7.52019,2,Not,,L16  L17,Man,Married,Producer,SSCE,Idi-Amu,Olohunda,Osun central,Osun,NA,TMS-14F1301P0013,IITA-TMS-IBA30572,TMS-14F1223P0007,1161
package-162-2,,package-169-1,4.33655,7.52136,2,Not,,L16  L17,Woman,Married,Producer/Processor,SSCE,Idi-Amu,Olohunda,Osun central,Osun,NA,TMEB419,TMS-14F1287P0008,TMS-13F1088P0007,1169
package-163-2,,package-162-1,4.33595,7.52136,2,Not,,L16  L17,Man,Married,Producer/Processor,SSCE,Idi-Amu,Olohunda,Osun central,Osun,NA,TMEB2,K195,TMS-13F1160P0004,1162
package-164-2,,package-164-2,4.33592,7.52136,2,Not,,L16  L17,Man,Married,Producer/Processor,SSCE,Idi-Amu,Olohunda,Osun central,Osun,NA,TMS-13F0153P0001,TMS-14F1287P0008,TMS-13F1153P0001,2164
package-165-2,,package-165-2,4.33595,7.52136,2,Not,,L16  L17,Woman,Married,Producer/Processor,No formal education,Idi-Amu,Olohunda,Osun central,Osun,NA,TMS-14F1306P0015,TMEB419,TMS-13F2110P0008,2165
package-166-2,,package-163-1,4.33595,7.52136,2,Not,,L16  L17,Man,Married,Producer/Processor,SSCE,Idi-Amu,Olohunda,Osun central,Osun,NA,TMEB7,TMS-13F1160P0004,IITA-TMS-IBA980581,1163
package-167-2,,package-165-1,4.33595,7.52136,2,Not,,L16  L17,Man,Married,Producer/Processor,PSLC,Idi-Amu,Olohunda,Osun central,Osun,NA,TMS-13F1343P0022,TMEB2,TMS-14F1310P0015,1165
package-168-2,,package-168-1,4.33595,7.52136,2,Yes,,L17,Man,Married,Producer/Processor,SSCE,Idi-Amu,Olohunda,Osun central,Osun,NA,TMS-13F1049P0001,IITA-TMS-IBA000070,TMS-IBA961632,1168
package-169-2,,package-164-1,4.33595,7.52136,2,Not,,L16  L17,Man,Married,Producer,PSLC,Idi-Amu,Olohunda,Osun central,Osun,NA,TMEB693,TMS-14F1291P0003,IITA-TMS-IBA30572,1164
package-170-2,,package-167-1,4.33595,7.52136,2,Not,,L16  L17,Man,Married,Producer,SSCE,Idi-Amu,Olohunda,Osun central,Osun,NA,TMS-13F1307P0016,TMS-13F1343P0044,TMS-14F1035P0004,1167
package-171-2,,package-171-2,4.33595,7.52136,2,Not,,L16  L17,Man,Married,Producer,SSCE,Idi-Amu,Olohunda,Osun central,Osun,NA,TMS-14F1195P0005,TMS-14F1310P0004,TMEB419,2171
package-172-2,,package-240-1,4.208333,7.706097,2,Yes,,L18,Man,Married,Producer,SSCE,Afiku,Olaoluwa,Osun west,Osun,NA,TMS-13F1343P0044,TMS-14F1035P0004,TMS-14F1301P0013,1240
package-173-2,,package-236-1,4.208333,7.706097,2,Not,,L18,Man,Married,Producer,SSCE,Afiku,Olaoluwa,Osun west,Osun,NA,TMS-13F1088P0007,TMS-14F1195P0005,TMEB2,1236
package-174-2,,package-232-1,4.208333,7.706097,2,Not,,L18,Man,Married,Producer,No formal education,Afiku,Olaoluwa,Osun west,Osun,NA,IITA-TMS-IBA30572,TMS-13F1160P0004,TMS-14F1306P0015,1232
package-175-2,,package-234-1,4.208333,7.706097,2,Not,,L18,Man,Married,Producer,SSCE,Afiku,Olaoluwa,Osun west,Osun,NA,TMS-14F1223P0007,TMS-14F1310P0015,IITA-TMS-IBA000070,1234
package-176-2,,package-233-1,4.208333,7.706097,2,Not,,L18,Man,Married,Producer,SSCE,Afiku,Olaoluwa,Osun west,Osun,NA,K195,IITA-TMS-IBA980581,TMS-13F1343P0022,1233
package-177-2,,package-231-1,4.208333,7.706097,2,Not,,L18,Man,Married,Producer,PSLC,Afiku,Olaoluwa,Osun west,Osun,NA,TMS-14F1301P0013,TMS-13F1049P0001,TMS-14F1291P0003,1231
package-178-2,,package-237-1,4.208333,7.706097,2,Not,,L18,Man,Married,Producer,PSLC,Afiku,Olaoluwa,Osun west,Osun,NA,TMS-13F1153P0001,TMS-13F2110P0008,TMS-14F1310P0004,1237
package-179-2,,package-238-1,4.208333,7.706097,2,Not,,L18,Woman,Married,Producer/Processor,PSLC,Afiku,Olaoluwa,Osun west,Osun,NA,TMS-14F1287P0008,TMEB2,TMEB7,1238
package-180-2,,package-180-2,4.20001,7.5208,2,Not,,L20,Man,Married,Producer,SSCE,Station-Iwo,Aiyedire,Osun west,Osun,NA,TMEB419,TMEB693,TMS-13F1307P0016,2180
package-181-2,,package-208-1,4.19901,7.3436,2,Not,,L18,Woman,Married,Producer/Processor,SSCE,Station-Iwo,Aiyedire,Osun west,Osun,NA,TMS-IBA961632,TMEB419,TMS-13F0153P0001,1208
package-182-2,,package-239-1,4.208333,7.706097,2,Not,,L18,Woman,Married,Producer,PSLC,Afiku,Olaoluwa,Osun west,Osun,NA,TMS-14F1035P0004,TMS-13F1160P0004,TMS-14F1195P0005,1239
package-183-2,,package-235-1,4.208333,7.706097,2,Not,,L18,Man,Married,Producer/Processor,SSCE,Afiku,Olaoluwa,Osun west,Osun,NA,TMS-14F1310P0015,TMS-13F1343P0022,TMS-13F1049P0001,1235
package-184-2,,package-205-1,4.20001,7.5208,2,Not,,,Woman,Married,Producer/Processor,PSLC,Station-Iwo,Aiyedire,Osun west,Osun,NA,TMEB693,TMS-14F1223P0007,TMS-13F1088P0007,1205
package-185-2,,package-207-1,4.19901,7.3436,2,Not,,L18,Woman,Married,Producer/Processor,OND,Station-Iwo,Aiyedire,Osun west,Osun,NA,IITA-TMS-IBA980581,TMS-14F1301P0013,IITA-TMS-IBA30572,1207
package-186-2,,package-209-1,4.12461,7.33458,2,Not,,L18,Woman,Married,Producer/Processor,No formal education,Station-Iwo,Aiyedire,Osun west,Osun,NA,IITA-TMS-IBA000070,K195,TMS-13F2110P0008,1209
package-187-2,,package-202-1,4.21011,7.3588,2,Not,,L18,Man,Married,Producer/Processor,SSCE,Station-Iwo,Aiyedire,Osun west,Osun,NA,TMS-14F1291P0003,TMEB7,TMS-IBA961632,1202
package-188-2,,package-206-1,4.21011,7.3588,2,Not,,L18,Woman,Married,Producer/Processor,PSLC,Station-Iwo,Aiyedire,Osun west,Osun,NA,TMS-13F1343P0044,TMS-13F1307P0016,TMS-13F1153P0001,1206
package-189-2,,package-203-1,4.20051,7.5591,2,Not,,L20,Woman,Married,Producer/Processor,No formal education,Station-Iwo,Aiyedire,Osun west,Osun,NA,TMS-13F0153P0001,TMS-13F1343P0022,TMS-14F1287P0008,1203
package-190-2,,package-204-1,4.19711,7.5505,2,Not,,L20,Woman,Married,Producer/Processor,PSLC,Station-Iwo,Aiyedire,Osun west,Osun,NA,TMS-14F1310P0004,TMS-14F1306P0015,TMS-14F1035P0004,1204
package-191-2,,package-210-1,4.20205,7.5554,2,Not,,L20,Man,Married,Producer,SSCE,Station-Iwo,Aiyedire,Osun west,Osun,NA,TMS-13F1153P0001,TMS-14F1301P0013,TMS-13F1160P0004,1210
package-192-2,,package-200-1,4.53591,7.3207,2,Not,,L23,Man,Married,Producer,SSCE,Oke-Osun,Osogbo,Osun central,Osun,NA,TMS-14F1223P0007,TMS-14F1310P0004,TMS-14F1310P0015,1200
package-193-2,,package-193-1,4.53591,7.3207,2,Not,,L23,Man,Married,Producer,SSCE,Oke-Osun,Osogbo,Osun central,Osun,NA,TMS-13F2110P0008,IITA-TMS-IBA000070,TMS-13F1307P0016,1193
package-194-2,,package-196-1,4.53591,7.7355,2,Not,,L18  L19,Man,Married,Producer,PSLC,Oke-Osun,Osogbo,Osun central,Osun,NA,IITA-TMS-IBA30572,TMS-IBA961632,TMS-14F1287P0008,1196
package-195-2,,package-199-1,4.54551,7.7776,2,Not,,L18  L19,Man,Married,Producer,BSc,Oke-Osun,Osogbo,Osun central,Osun,NA,TMS-14F1306P0015,K195,TMEB693,1199
package-196-2,,package-198-1,4.53891,7.7489,2,Not,,L18  L19,Man,Married,Producer,SSCE,Oke-Osun,Osogbo,Osun central,Osun,NA,IITA-TMS-IBA980581,TMS-13F1343P0044,TMS-13F0153P0001,1198
package-197-2,,package-192-1,4.53891,7.7489,2,Not,,L18  L19,Man,Married,Producer,SSCE,Oke-Osun,Osogbo,Osun central,Osun,NA,TMS-13F1088P0007,TMS-13F1049P0001,TMEB7,1192
package-198-2,,package-197-1,4.53231,7.7483,2,Not,,L18  L19,Man,Married,Producer,SSCE,Oke-Osun,Osogbo,Osun central,Osun,NA,TMS-14F1291P0003,TMS-13F0153P0001,TMEB2,1197
package-199-2,,package-195-1,4.53231,7.7483,2,Yes,,L19,Woman,Married,Producer,No formal education,Oke-Osun,Osogbo,Osun central,Osun,NA,TMS-13F1307P0016,TMS-14F1195P0005,TMEB419,1195
package-200-2,,package-194-1,4.531,7.7344,2,Not,,L18  L19,Woman,Married,Producer,No formal education,Oke-Osun,Osogbo,Osun central,Osun,NA,TMS-14F1195P0005,TMS-14F1301P0013,TMS-13F1049P0001,1194
package-201-2,,package-224-1,4.168,7.5445,2,Not,,L20,Man,Married,Producer,PSLC,Jagun,Iwo,Osun west,Osun,NA,TMS-13F2110P0008,K195,TMS-13F1343P0044,1224
package-202-2,,package-222-1,4.168,7.5445,2,Not,,L20,Man,Married,Producer,JSSCE,Jagun,Iwo,Osun west,Osun,NA,TMS-13F1160P0004,TMEB2,TMS-13F1153P0001,1222
package-203-2,,package-226-1,4.1678,7.5446,2,Yes,,L20,Man,Married,Producer,PSLC,Jagun,Iwo,Osun west,Osun,NA,TMEB7,IITA-TMS-IBA30572,TMS-14F1306P0015,1226
package-204-2,,package-221-1,4.1631,7.5443,2,Not,,L20,Man,Married,Producer,Degree holder,Jagun,Iwo,Osun west,Osun,NA,TMS-14F1035P0004,TMS-14F1287P0008,TMS-13F1088P0007,1221
package-205-2,,package-230-1,4.1678,7.5506,2,Not,,L20,Man,Married,Producer,PSLC,Jagun,Iwo,Osun west,Osun,NA,TMEB693,TMS-14F1223P0007,IITA-TMS-IBA980581,1230
package-206-2,,package-225-1,4.1659,7.5481,2,Not,,L20,Man,Married,Producer,No formal education,Jagun,Iwo,Osun west,Osun,NA,TMS-14F1310P0015,IITA-TMS-IBA000070,TMS-14F1291P0003,1225
package-207-2,,package-223-1,4.1646,7.5481,2,Not,,L20,Man,Married,Producer,PSLC,Jagun,Iwo,Osun west,Osun,NA,TMS-IBA961632,IITA-TMS-IBA980581,TMS-14F1310P0004,1223
package-208-2,,package-229-1,4.1659,7.5506,2,Not,,L20,Man,Married,Producer,PSLC,Jagun,Iwo,Osun west,Osun,NA,TMS-13F1343P0022,TMS-14F1310P0015,K195,1229
package-209-2,,package-209-2,4.1671,7.5495,2,Not,,L20,Man,Married,Producer,PSLC,Jagun,Iwo,Osun west,Osun,NA,TMS-14F1291P0003,TMEB7,TMS-13F1343P0044,2209
package-210-2,,package-227-1,4.9658,7.5495,2,Not,,L23,Woman,Married,Producer,PSLC,Jagun,Iwo,Osun west,Osun,NA,TMEB419,TMS-13F1153P0001,TMS-13F0153P0001,1227
package-211-2,,package-211-2,4.4531,7.8816,2,Yes,,L21,Man,Married,Producer,Degree holder,Ifon-Orolu,Orolu,Osun central,Osun,NA,TMS-14F1310P0004,IITA-TMS-IBA000070,TMEB2,2211
package-212-2,,package-212-2,4.4531,7.8816,2,Not,,L21,Man,Married,Producer,PSLC,Ifon-Orolu,Orolu,Osun central,Osun,NA,IITA-TMS-IBA30572,TMS-IBA961632,TMS-13F1343P0022,2212
package-213-2,,package-171-1,4.4531,7.8816,2,Not,,L21,Man,Married,Producer,PSLC,Ifon-Orolu,Orolu,Osun central,Osun,NA,TMS-14F1287P0008,TMS-14F1035P0004,TMEB693,1171
package-214-2,,package-214-2,4.4533,7.8818,2,Not,,L21,Man,Married,Producer,SSCE,Ifon-Orolu,Orolu,Osun central,Osun,NA,TMS-13F1307P0016,TMS-13F1088P0007,TMS-14F1223P0007,2214
package-215-2,,package-175-1,4.4533,7.8818,2,Not,,L21,Man,Married,Producer,PSLC,Ifon-Orolu,Orolu,Osun central,Osun,NA,TMS-13F1160P0004,TMS-13F1307P0016,TMS-14F1195P0005,1175
package-216-2,,package-177-1,4.4533,7.8818,2,Not,,L21,Man,Married,Producer,SSCE,Ifon-Orolu,Orolu,Osun central,Osun,NA,TMS-13F1049P0001,TMEB2,TMS-13F2110P0008,1177
package-217-2,,package-217-2,4.4533,7.8818,2,Not,,L21,Man,Married,Producer,SSCE,Ifon-Orolu,Orolu,Osun central,Osun,NA,TMS-14F1301P0013,TMS-14F1306P0015,TMS-14F1287P0008,2217
package-218-2,,package-218-2,4.4533,7.8818,2,Not,,L21,Man,Married,Producer,Degree holder,Ifon-Orolu,Orolu,Osun central,Osun,NA,IITA-TMS-IBA000070,IITA-TMS-IBA980581,TMS-13F1160P0004,2218
package-219-2,,package-180-1,4.4533,7.8818,2,Not,,L21,Man,Married,Producer,Degree holder,Ifon-Orolu,Orolu,Osun central,Osun,NA,TMS-13F1088P0007,TMEB419,TMS-14F1301P0013,1180
package-220-2,,package-174-1,4.4533,7.8818,2,Not,,L21,Man,Married,Producer,SSCE,Ifon-Orolu,Orolu,Osun central,Osun,NA,TMS-13F1343P0022,TMS-14F1291P0003,TMS-14F1195P0005,1174
package-221-2,,package-181-1,4.6832,7.9987,2,Not,,L22,Man,Married,Producer,SSCE,Okuku,Odo otin,Osun central,Osun,NA,TMS-14F1035P0004,IITA-TMS-IBA30572,TMS-13F1049P0001,1181
package-222-2,,package-182-1,4.6825,7.9989,2,Yes,,L22,Man,Married,Producer,SSCE,Okuku,Odo otin,Osun central,Osun,NA,TMS-13F2110P0008,TMEB7,TMS-IBA961632,1182
package-223-2,,package-223-2,4.683,7.9988,2,Not,,L22,Man,Married,Producer,SSCE,Okuku,Odo otin,Osun central,Osun,NA,TMS-13F0153P0001,TMS-14F1223P0007,TMS-14F1310P0015,2223
package-224-2,,package-183-1,4.683,7.9988,2,Not,,L22,Woman,Married,Producer/Processor,SSCE,Okuku,Odo otin,Osun central,Osun,NA,TMS-13F1153P0001,TMS-13F0153P0001,TMS-14F1306P0015,1183
package-225-2,,package-188-1,4.683,7.9988,2,Not,,L22,Woman,Married,Producer/Processor,SSCE,Okuku,Odo otin,Osun central,Osun,NA,K195,TMEB693,IITA-TMS-IBA980581,1188
package-226-2,,package-226-2,4.683,7.9988,2,Not,,L22,Man,Married,Producer,SSCE,Okuku,Odo otin,Osun central,Osun,NA,TMS-13F1343P0044,TMS-14F1310P0004,TMEB419,2226
package-227-2,,package-227-2,4.6829,7.9988,2,Not,,L22,Woman,Married,Producer,No formal education,Okuku,Odo otin,Osun central,Osun,NA,TMS-14F1306P0015,TMS-14F1310P0015,TMS-13F1153P0001,2227
package-228-2,,package-185-1,4.682,7.99798,2,Not,,L22,Man,Married,Producer,Degree holder,Okuku,Odo otin,Osun central,Osun,NA,K195,TMS-13F1307P0016,TMS-14F1291P0003,1185
package-229-2,,package-229-2,4.682,7.99798,2,Not,,L22,Man,Married,Producer/Processor,SSCE,Okuku,Odo otin,Osun central,Osun,NA,TMS-13F1049P0001,IITA-TMS-IBA30572,IITA-TMS-IBA000070,2229
package-230-2,,package-230-2,4.682,7.99798,2,Not,,L22,Man,Married,Producer,SSCE,Okuku,Odo otin,Osun central,Osun,NA,TMEB2,TMEB693,TMS-13F1088P0007,2230
package-231-2,,package-211-1,4.165,7.1223,2,Not,,L22,Woman,Married,Producer,No formal education,Agoowu,Aiyedade,Osun west,Osun,NA,TMS-14F1223P0007,TMS-IBA961632,TMS-14F1035P0004,1211
package-232-2,,package-214-1,4.1651,7.1223,2,Not,,L22,Man,Married,Producer,PSLC,Agoowu,Aiyedade,Osun west,Osun,NA,TMS-14F1195P0005,TMS-14F1287P0008,TMS-13F1343P0044,1214
package-233-2,,package-216-1,4.1609,7.1223,2,Yes,,L23,Man,Married,Producer,No formal education,Agoowu,Aiyedade,Osun west,Osun,NA,TMS-14F1310P0004,TMEB2,TMEB7,1216
package-234-2,,package-213-1,4.1651,7.1243,2,Not,,L23,Man,Married,Producer,SSCE,Agoowu,Aiyedade,Osun west,Osun,NA,TMS-13F1160P0004,TMS-14F1291P0003,TMS-13F2110P0008,1213
package-235-2,,package-217-1,4.153,7.1252,2,Not,,L23,Woman,Married,Producer,JSSCE,Agoowu,Aiyedade,Osun west,Osun,NA,TMS-14F1301P0013,TMS-14F1035P0004,TMS-13F1343P0022,1217
package-236-2,,package-220-1,4.1601,7.1231,2,Not,,L23,Man,Married,Producer,SSCE,Agoowu,Aiyedade,Osun west,Osun,NA,TMEB419,TMS-13F0153P0001,K195,1220
package-237-2,,package-212-1,4.1609,7.1235,2,Not,,L23,Man,Married,Producer,Degree holder,Agoowu,Aiyedade,Osun west,Osun,NA,TMS-13F1307P0016,TMS-13F1049P0001,TMS-14F1301P0013,1212
package-238-2,,package-218-1,4.1651,7.1234,2,Not,,L23,Man,Married,Producer,Degree holder,Agoowu,Aiyedade,Osun west,Osun,NA,IITA-TMS-IBA000070,TMS-13F1343P0044,TMS-13F1343P0022,1218
package-239-2,,package-215-1,4.1593,7.1257,2,Not,,L23,Man,Married,Producer,SSCE,Agoowu,Aiyedade,Osun west,Osun,NA,TMS-13F1153P0001,TMS-14F1195P0005,TMS-14F1223P0007,1215
package-240-2,,package-240-2,4.1628,7.1301,2,Not,,L23,Woman,Married,Producer,PSLC,Agoowu,Aiyedade,Osun west,Osun,NA,TMS-IBA961632,TMS-13F2110P0008,TMEB693,2240
package-241-2,,package-241-2,6.9543,8.3684,2,Not,,L23  L24,Woman,Married,Producer/Processor,No formal education,Adumu-Obi,Obi,Benue south,Benue,NA,TMS-14F1310P0015,TMS-13F1160P0004,TMEB7,2241
package-242-2,,package-254-1,6.9553,8.3672,2,Not,,L23  L24,Woman,Married,Producer/Processor,PSLC,Adumu-Obi,Obi,Benue south,Benue,NA,TMS-14F1287P0008,TMS-13F1049P0001,TMS-14F1310P0004,1254
package-243-2,,package-253-1,6.9428,8.369,2,Not,,L23  L24,Man,Married,Producer,Degree holder,Adumu-Obi,Obi,Benue south,Benue,NA,TMS-13F1343P0044,TMS-13F1088P0007,IITA-TMS-IBA30572,1253
package-244-2,,package-257-1,6.9435,8.3667,2,Not,,L23  L24,Man,Married,Producer,Degree holder,Adumu-Obi,Obi,Benue south,Benue,NA,IITA-TMS-IBA980581,TMS-14F1310P0015,TMS-13F1307P0016,1257
package-245-2,,package-255-1,6.9458,8.3737,2,Yes,,L24,Man,Married,Producer/Processor,SSCE,Adumu-Obi,Obi,Benue south,Benue,NA,TMS-13F1343P0022,TMS-13F1153P0001,TMS-14F1306P0015,1255
package-246-2,,package-246-2,6.9519,8.3761,2,Not,,L23  L24,Man,Married,Producer,PSLC,Adumu-Obi,Obi,Benue south,Benue,NA,TMS-14F1035P0004,IITA-TMS-IBA980581,TMEB419,2246
package-247-2,,package-251-1,6.9738,8.3538,2,Not,,L23  L24,Man,Married,Producer,PSLC,Adumu-Obi,Obi,Benue south,Benue,NA,TMEB7,TMS-14F1035P0004,IITA-TMS-IBA30572,1251
package-248-2,,package-256-1,6.9554,8.3672,2,Not,,L23  L24,Man,Married,Producer,NCE,Adumu-Obi,Obi,Benue south,Benue,NA,TMS-14F1223P0007,TMS-14F1287P0008,TMS-13F0153P0001,1256
package-249-2,,package-249-2,6.9738,8.3538,2,Not,,L23  L24,Man,Married,Producer,PSLC,Adumu-Obi,Obi,Benue south,Benue,NA,TMS-13F1088P0007,TMS-14F1306P0015,IITA-TMS-IBA000070,2249
package-250-2,,package-252-1,6.975,8.3513,2,Not,,L23  L24,Woman,Married,Producer,No formal education,Adumu-Obi,Obi,Benue south,Benue,NA,K195,TMS-IBA961632,TMS-13F1160P0004,1252
package-251-2,,package-249-1,7.1841,8.0045,2,Yes,,L25,Man,Married,Producer/Processor,PSLC,Atlo,Ohimini,Benue south,Benue,NA,TMEB693,TMS-14F1291P0003,TMS-14F1310P0004,1249
package-252-2,,package-242-1,7.1839,8.0045,2,Not,,L25,Man,Married,Producer,PSLC,Atlo,Ohimini,Benue south,Benue,NA,TMEB2,TMS-14F1223P0007,TMS-14F1301P0013,1242
package-253-2,,package-241-1,7.1841,8.004,2,Not,,L25,Man,Married,Producer,SSCE,Atlo,Ohimini,Benue south,Benue,NA,TMS-13F2110P0008,TMS-14F1195P0005,TMS-IBA961632,1241
package-254-2,,package-246-1,7.184,8.0046,2,Not,,L25,Man,Married,Producer,PSLC,Atlo,Ohimini,Benue south,Benue,NA,TMS-14F1301P0013,IITA-TMS-IBA30572,TMS-13F1307P0016,1246
package-255-2,,package-245-1,7.1839,8.0047,2,Not,,L25,Woman,Married,Producer/Processor,No formal education,Atlo,Ohimini,Benue south,Benue,NA,TMS-14F1306P0015,TMS-14F1035P0004,TMEB2,1245
package-256-2,,package-256-2,7.1838,8.0046,2,Not,,L25,Woman,Married,Producer/Processor,No formal education,Atlo,Ohimini,Benue south,Benue,NA,TMEB7,TMS-13F1343P0022,TMS-13F1153P0001,2256
package-257-2,,package-248-1,7.1838,8.0046,2,Not,,L25,Woman,Married,Producer/Processor,No formal education,Atlo,Ohimini,Benue south,Benue,NA,TMEB419,TMS-13F1160P0004,K195,1248
package-258-2,,package-247-1,7.184,8.0004,2,Not,,L25,Man,Married,Producer/Processor,Degree holder,Atlo,Ohimini,Benue south,Benue,NA,TMS-13F1343P0044,TMS-13F1088P0007,TMS-13F2110P0008,1247
package-259-2,,package-259-2,7.1839,8.0047,2,Not,,L25,Man,Married,Producer,No formal education,Atlo,Ohimini,Benue south,Benue,NA,TMS-14F1195P0005,TMEB693,IITA-TMS-IBA980581,2259
package-260-2,,package-260-2,7.1838,8.0047,2,Not,,L25,Woman,Married,Producer,SSCE,Atlo,Ohimini,Benue south,Benue,NA,TMS-13F0153P0001,IITA-TMS-IBA000070,TMS-14F1287P0008,2260
package-261-2,,package-277-1,7.0191,7.9435,2,Not,,L26,Man,Married,Producer,PSLC,Ojakpo,Okpokwu,Benue south,Benue,NA,TMS-13F1049P0001,TMEB693,TMS-14F1291P0003,1277
package-262-2,,package-262-2,7.0119,7.9436,2,Not,,L26,Man,Married,Producer,SSCE,Ojakpo,Okpokwu,Benue south,Benue,NA,TMS-14F1287P0008,TMS-14F1291P0003,TMS-14F1310P0015,2262
package-263-2,,package-276-1,7.0119,7.9436,2,Yes,,L26,Man,Married,Producer,OND,Ojakpo,Okpokwu,Benue south,Benue,NA,TMS-14F1310P0004,K195,TMS-IBA961632,1276
package-264-2,,package-264-2,7.0119,7.9436,2,Not,,L26,Woman,Married,Producer/Processor,PSLC,Ojakpo,Okpokwu,Benue south,Benue,NA,TMS-13F0153P0001,TMS-13F2110P0008,TMS-14F1223P0007,2264
package-265-2,,package-273-1,7.019,7.9434,2,Not,,L26,Man,Married,Producer,SSCE,Ojakpo,Okpokwu,Benue south,Benue,NA,IITA-TMS-IBA000070,TMS-13F1343P0044,TMS-14F1195P0005,1273
package-266-2,,package-266-2,7.0119,7.9436,2,Not,,L26,Man,Married,Producer,SSCE,Ojakpo,Okpokwu,Benue south,Benue,NA,TMS-13F1307P0016,TMS-13F1343P0022,TMS-13F1088P0007,2266
package-267-2,,package-271-1,7.0119,7.9436,2,Not,,L26,Man,Married,Producer,OND,Ojakpo,Okpokwu,Benue south,Benue,NA,IITA-TMS-IBA980581,TMEB7,TMS-13F1049P0001,1271
package-268-2,,package-268-2,7.0196,7.9437,2,Not,,L26,Man,Married,Producer,SSCE,Ojakpo,Okpokwu,Benue south,Benue,NA,TMS-13F1160P0004,TMS-13F1153P0001,TMS-14F1035P0004,2268
package-269-2,,package-272-1,7.0116,7.9435,2,Not,,L26,Man,Married,Producer,SSCE,Ojakpo,Okpokwu,Benue south,Benue,NA,TMS-14F1310P0015,IITA-TMS-IBA30572,TMS-13F0153P0001,1272
package-270-2,,package-270-2,7.0088,7.9442,2,Not,,L26,Woman,Married,Producer/Processor,PSLC,Ojakpo,Okpokwu,Benue south,Benue,NA,TMS-14F1301P0013,TMEB419,IITA-TMS-IBA000070,2270
package-271-2,,package-267-1,7.2365,8.1693,2,Not,,L25,Man,Married,Producer,OND,Upu,Otukpo,Benue south,Benue,NA,TMEB2,TMS-14F1306P0015,TMS-13F1049P0001,1267
package-272-2,,package-263-1,7.2366,8.1693,2,Not,,L25,Man,Married,Producer,JSSCE,Upu,Otukpo,Benue south,Benue,NA,TMS-14F1291P0003,TMS-14F1195P0005,TMS-13F1343P0044,1263
package-273-2,,package-261-1,7.2365,8.1692,2,Not,,L25,Man,Married,Producer,PSLC,Upu,Otukpo,Benue south,Benue,NA,TMS-13F1343P0022,TMS-13F1088P0007,K195,1261
package-274-2,,package-274-2,7.2366,8.1691,2,Not,,L25,Man,Married,Producer,SSCE,Upu,Otukpo,Benue south,Benue,NA,IITA-TMS-IBA30572,TMS-13F1153P0001,TMS-14F1310P0004,2274
package-275-2,,package-268-1,7.2367,8.1691,2,Not,,L25,Man,Married,Producer,HND,Upu,Otukpo,Benue south,Benue,NA,TMS-14F1223P0007,TMEB7,TMEB419,1268
package-276-2,,package-276-2,7.2367,8.1689,2,Not,,L25,Woman,Married,Producer/Processor,PSLC,Upu,Otukpo,Benue south,Benue,NA,TMS-IBA961632,TMS-13F1307P0016,TMEB2,2276
package-277-2,,package-266-1,7.2368,8.1687,2,Not,,L25,Man,Married,Producer,OND,Upu,Otukpo,Benue south,Benue,NA,TMS-14F1310P0015,IITA-TMS-IBA980581,TMS-13F1160P0004,1266
package-278-2,,package-278-2,7.2368,8.1687,2,Not,,L27,Woman,Married,Producer/Processor,PSLC,Upu,Otukpo,Benue south,Benue,NA,TMEB693,TMS-13F1343P0022,TMS-14F1306P0015,2278
package-279-2,,package-279-2,7.2368,8.1689,2,Not,,L25,Man,Married,Producer,PSLC,Upu,Otukpo,Benue south,Benue,NA,TMS-13F2110P0008,TMS-14F1287P0008,TMS-14F1310P0015,2279
package-280-2,,package-280-2,7.2368,8.1687,2,Not,,L27,Woman,Married,Producer/Processor,No formal education,Upu,Otukpo,Benue south,Benue,NA,TMS-14F1035P0004,TMS-14F1223P0007,TMS-14F1291P0003,2280
package-281-2,,package-284-1,7.5641,8.2091,2,Not,,L26  L27,Man,Married,Producer,OND,Naka,Gwer west,Benue N/W,Benue,NA,TMS-13F1153P0001,TMS-14F1301P0013,TMS-14F1287P0008,1284
package-282-2,,package-290-1,7.5641,8.2091,2,Yes,,L27,Man,Married,Producer,OND,Naka,Gwer west,Benue N/W,Benue,NA,TMS-14F1195P0005,TMEB2,IITA-TMS-IBA980581,1290
package-283-2,,package-286-1,7.5641,8.2092,2,Not,,L26  L27,Man,Married,Producer,SSCE,Naka,Gwer west,Benue N/W,Benue,NA,TMS-13F1088P0007,TMS-14F1306P0015,TMS-13F1160P0004,1286
package-284-2,,package-289-1,7.5641,8.2092,2,Not,,L26  L27,Man,Married,Producer,OND,Naka,Gwer west,Benue N/W,Benue,NA,K195,TMEB419,TMS-13F1343P0044,1289
package-285-2,,package-285-2,7.564,8.2093,2,Not,,L26  L27,Man,Married,Producer,SSCE,Naka,Gwer west,Benue N/W,Benue,NA,TMS-13F1049P0001,TMS-14F1301P0013,TMEB7,2285
package-286-2,,package-286-2,7.5638,8.2095,2,Not,,L26  L27,Woman,Married,Producer/Processor,PSLC,Naka,Gwer west,Benue N/W,Benue,NA,TMS-13F1307P0016,TMS-13F0153P0001,TMS-14F1035P0004,2286
package-287-2,,package-283-1,7.5638,8.2098,2,Not,,L26  L27,Woman,Married,Producer/Processor,NCE,Naka,Gwer west,Benue N/W,Benue,NA,TMEB7,TMS-14F1310P0004,TMEB693,1283
package-288-2,,package-288-2,7.5638,8.2098,2,Not,,L26  L27,Man,Married,Producer,PSLC,Naka,Gwer west,Benue N/W,Benue,NA,TMEB2,TMS-IBA961632,IITA-TMS-IBA30572,2288
package-289-2,,package-281-1,7.5638,8.2098,2,Not,,L26  L27,Woman,Married,Producer/Processor,OND,Naka,Gwer west,Benue N/W,Benue,NA,IITA-TMS-IBA980581,TMS-13F2110P0008,TMEB419,1281
package-290-2,,package-288-1,7.5649,8.2096,2,Not,,L26  L27,Woman,Married,Producer/Processor,OND,Naka,Gwer west,Benue N/W,Benue,NA,IITA-TMS-IBA000070,TMS-13F1343P0044,TMS-13F1088P0007,1288
package-291-2,,package-297-1,7.3012,8.7862,2,Not,,L28,Woman,Married,Producer/Processor,No formal education,Gboko Mbayon,Gboko,Benue N/W,Benue,NA,TMS-14F1287P0008,TMEB693,TMS-14F1195P0005,1297
package-292-2,,package-293-1,7.3012,8.7862,2,Yes,,L28,Man,Married,Producer,SSCE,Gboko Mbayon,Gboko,Benue N/W,Benue,NA,TMS-14F1291P0003,IITA-TMS-IBA000070,TMS-13F1307P0016,1293
package-293-2,,package-291-1,7.2888,8.8833,2,Not,,L28,Man,Married,Producer,NCE,Gboko Mbayon,Gboko,Benue N/W,Benue,NA,TMS-IBA961632,TMS-13F1160P0004,TMS-13F1049P0001,1291
package-294-2,,package-292-1,7.3012,8.7862,2,Not,,L28,Man,Married,Producer,SSCE,Gboko Mbayon,Gboko,Benue N/W,Benue,NA,TMS-13F1343P0022,K195,TMS-14F1301P0013,1292
package-295-2,,package-295-1,7.3963,9.0881,2,Not,,L28  L29,Woman,Married,Producer,SSCE,Gboko Mbayon,Gboko,Benue N/W,Benue,NA,TMS-14F1306P0015,TMS-13F1160P0004,TMS-13F0153P0001,1295
package-296-2,,package-298-1,7.3963,9.0809,2,Not,,L28  L29,Man,Married,Producer,SSCE,Gboko Mbayon,Gboko,Benue N/W,Benue,NA,TMS-14F1195P0005,TMS-14F1035P0004,TMS-14F1223P0007,1298
package-297-2,,package-296-1,7.3963,9.0809,2,Not,,L28  L29,Woman,Married,Producer,SSCE,Gboko Mbayon,Gboko,Benue N/W,Benue,NA,TMS-13F1088P0007,TMS-14F1310P0015,TMS-13F1153P0001,1296
package-298-2,,package-294-1,7.3943,9.0795,2,Yes,,L29,Man,Married,Producer,Degree holder,Gboko Mbayon,Gboko,Benue N/W,Benue,NA,TMS-14F1310P0004,TMS-13F1049P0001,TMS-14F1310P0015,1294
package-299-2,,package-299-1,7.3126,9.0817,2,Not,,L28  L29,Man,Married,Producer,SSCE,Gboko Mbayon,Gboko,Benue N/W,Benue,NA,TMS-13F1153P0001,TMEB7,TMS-13F2110P0008,1299
package-300-2,,package-300-1,7.3911,9.0835,2,Not,,L28  L29,Man,Married,Producer,SSCE,Gboko Mbayon,Gboko,Benue N/W,Benue,NA,IITA-TMS-IBA30572,TMS-13F1343P0044,TMEB2,1300
package-301-2,,package-301-2,7.4479,9.1671,2,Yes,,L30,Woman,Married,Producer/Processor,SSCE,Buruku,Buruku,Benue N/W,Benue,NA,TMS-13F0153P0001,TMS-13F2110P0008,TMS-14F1291P0003,2301
package-302-2,,package-302-2,7.4477,9.1692,2,Not,,L30,Man,Married,Producer,SSCE,Buruku,Buruku,Benue N/W,Benue,NA,TMS-14F1310P0004,TMS-14F1301P0013,IITA-TMS-IBA980581,2302
package-303-2,,package-303-2,7.4477,9.1672,2,Not,,L30,Man,Married,Producer,SSCE,Buruku,Buruku,Benue N/W,Benue,NA,TMS-14F1035P0004,TMS-14F1223P0007,K195,2303
package-304-2,,package-304-2,7.4464,9.1624,2,Not,,L30,Woman,Married,Producer/Processor,PSLC,Buruku,Buruku,Benue N/W,Benue,NA,K195,TMS-13F1307P0016,TMS-14F1306P0015,2304
package-305-2,,package-309-1,7.4782,9.1215,2,Not,,L30,Man,Married,Producer,OND,Mbaapen Ijei,Buruku,Benue N/W,Benue,NA,TMS-IBA961632,TMS-14F1195P0005,TMS-13F1343P0022,1309
package-306-2,,package-302-1,7.4815,9.1212,2,Not,,L30,Woman,Married,Producer/Processor,No formal education,Mbaapen Ijei,Buruku,Benue N/W,Benue,NA,TMEB419,TMS-14F1310P0004,IITA-TMS-IBA000070,1302
package-307-2,,package-307-2,7.4716,9.1216,2,Not,,L30,Man,Married,Producer,PSLC,Mbaapen Ijei,Buruku,Benue N/W,Benue,NA,TMEB693,TMS-13F0153P0001,TMS-13F1343P0022,2307
package-308-2,,package-308-2,7.4791,9.1203,2,Not,,L30,Man,Married,Producer,PSLC,Mbaapen Ijei,Buruku,Benue N/W,Benue,NA,TMS-13F1343P0044,TMS-14F1306P0015,TMS-14F1287P0008,2308
package-309-2,,package-304-1,7.4479,9.207,2,Not,,L30,Woman,Married,Producer/Processor,SSCE,Mbaapen Ijei,Buruku,Benue N/W,Benue,NA,TMS-14F1291P0003,TMEB419,IITA-TMS-IBA30572,1304
package-310-2,,package-310-2,7.4695,8.1648,2,Not,,L27,Woman,Married,Producer/Processor,PSLC,Mbaapen Ijei,Buruku,Benue N/W,Benue,NA,TMS-14F1310P0015,IITA-TMS-IBA000070,IITA-TMS-IBA980581,2310
package-311-2,,package-316-1,7.9205,8.588,2,Yes,,L31,Man,Married,Producer,SSCE,Daudu,Guma,Benue N/W,Benue,NA,TMS-13F2110P0008,TMS-13F1088P0007,TMS-14F1301P0013,1316
package-312-2,,package-314-1,7.9525,8.6124,2,Not,,L31,Man,Married,Producer,SSCE,Daudu,Guma,Benue N/W,Benue,NA,TMS-13F1307P0016,TMS-13F1153P0001,TMS-IBA961632,1314
package-313-2,,package-313-2,7.9296,8.5857,2,Not,,L31,Man,Married,Producer/Processor,SSCE,Daudu,Guma,Benue N/W,Benue,NA,TMS-14F1287P0008,K195,TMEB7,2313
package-314-2,,package-317-1,7.9526,8.6124,2,Not,,L31,Man,Married,Producer/Processor,OND,Daudu,Guma,Benue N/W,Benue,NA,TMS-13F1160P0004,IITA-TMS-IBA30572,TMS-13F1343P0044,1317
package-315-2,,package-318-1,7.9482,8.6095,2,Not,,L31,Man,Married,Producer/Processor,OND,Daudu,Guma,Benue N/W,Benue,NA,TMEB2,IITA-TMS-IBA980581,TMS-14F1223P0007,1318
package-316-2,,package-311-1,7.9481,8.6095,2,Not,,L31,Woman,Married,Producer/Processor,SSCE,Daudu,Guma,Benue N/W,Benue,NA,TMS-14F1306P0015,TMS-13F1049P0001,TMS-13F0153P0001,1311
package-317-2,,package-315-1,7.9482,8.6095,2,Not,,L31,Man,Married,Producer,SSCE,Daudu,Guma,Benue N/W,Benue,NA,TMEB693,TMS-13F1088P0007,TMS-14F1310P0004,1315
package-318-2,,package-318-2,7.9482,8.6096,2,Not,,L31,Woman,Married,Producer/Processor,PSLC,Daudu,Guma,Benue N/W,Benue,NA,TMS-13F1153P0001,TMS-14F1291P0003,TMS-14F1035P0004,2318
package-319-2,,package-319-2,7.9482,8.6096,2,Not,,L31,Woman,Married,Producer/Processor,No formal education,Daudu,Guma,Benue N/W,Benue,NA,TMS-13F1343P0022,TMEB2,TMS-13F1307P0016,2319
package-320-2,,package-320-1,7.9481,8.6094,2,Not,,L31,Woman,Married,Producer/Processor,No formal education,Daudu,Guma,Benue N/W,Benue,NA,IITA-TMS-IBA30572,TMS-13F1160P0004,TMS-14F1195P0005,1320